filename,label
CWE121_Stack_Based_Buffer_Overflow__CWE129_connect_socket_01__O0__bad,1
CWE121_Stack_Based_Buffer_Overflow__CWE129_connect_socket_01__O0__good,0
CWE121_Stack_Based_Buffer_Overflow__CWE129_connect_socket_01__O2__bad,1
CWE121_Stack_Based_Buffer_Overflow__CWE129_connect_socket_01__O2__good,0
CWE121_Stack_Based_Buffer_Overflow__CWE129_connect_socket_02__O0__bad,1
CWE121_Stack_Based_Buffer_Overflow__CWE129_connect_socket_02__O0__good,0
CWE121_Stack_Based_Buffer_Overflow__CWE129_connect_socket_02__O2__bad,1
CWE121_Stack_Based_Buffer_Overflow__CWE129_connect_socket_02__O2__good,0
CWE121_Stack_Based_Buffer_Overflow__CWE129_connect_socket_03__O0__bad,1
CWE121_Stack_Based_Buffer_Overflow__CWE129_connect_socket_03__O0__good,0
CWE121_Stack_Based_Buffer_Overflow__CWE129_connect_socket_03__O2__bad,1
CWE121_Stack_Based_Buffer_Overflow__CWE129_connect_socket_03__O2__good,0
CWE121_Stack_Based_Buffer_Overflow__CWE129_connect_socket_04__O0__bad,1
CWE121_Stack_Based_Buffer_Overflow__CWE129_connect_socket_04__O0__good,0
CWE121_Stack_Based_Buffer_Overflow__CWE129_connect_socket_04__O2__bad,1
CWE121_Stack_Based_Buffer_Overflow__CWE129_connect_socket_04__O2__good,0
CWE121_Stack_Based_Buffer_Overflow__CWE129_connect_socket_05__O0__bad,1
CWE121_Stack_Based_Buffer_Overflow__CWE129_connect_socket_05__O0__good,0
CWE121_Stack_Based_Buffer_Overflow__CWE129_connect_socket_05__O2__bad,1
CWE121_Stack_Based_Buffer_Overflow__CWE129_connect_socket_05__O2__good,0
CWE121_Stack_Based_Buffer_Overflow__CWE129_connect_socket_06__O0__bad,1
CWE121_Stack_Based_Buffer_Overflow__CWE129_connect_socket_06__O0__good,0
CWE121_Stack_Based_Buffer_Overflow__CWE129_connect_socket_06__O2__bad,1
CWE121_Stack_Based_Buffer_Overflow__CWE129_connect_socket_06__O2__good,0
CWE121_Stack_Based_Buffer_Overflow__CWE129_connect_socket_07__O0__bad,1
CWE121_Stack_Based_Buffer_Overflow__CWE129_connect_socket_07__O0__good,0
CWE121_Stack_Based_Buffer_Overflow__CWE129_connect_socket_07__O2__bad,1
CWE121_Stack_Based_Buffer_Overflow__CWE129_connect_socket_07__O2__good,0
CWE121_Stack_Based_Buffer_Overflow__CWE129_connect_socket_08__O0__bad,1
CWE121_Stack_Based_Buffer_Overflow__CWE129_connect_socket_08__O0__good,0
CWE121_Stack_Based_Buffer_Overflow__CWE129_connect_socket_08__O2__bad,1
CWE121_Stack_Based_Buffer_Overflow__CWE129_connect_socket_08__O2__good,0
CWE121_Stack_Based_Buffer_Overflow__CWE129_connect_socket_09__O0__bad,1
CWE121_Stack_Based_Buffer_Overflow__CWE129_connect_socket_09__O0__good,0
CWE121_Stack_Based_Buffer_Overflow__CWE129_connect_socket_09__O2__bad,1
CWE121_Stack_Based_Buffer_Overflow__CWE129_connect_socket_09__O2__good,0
CWE121_Stack_Based_Buffer_Overflow__CWE129_connect_socket_10__O0__bad,1
CWE121_Stack_Based_Buffer_Overflow__CWE129_connect_socket_10__O0__good,0
CWE121_Stack_Based_Buffer_Overflow__CWE129_connect_socket_10__O2__bad,1
CWE121_Stack_Based_Buffer_Overflow__CWE129_connect_socket_10__O2__good,0
CWE121_Stack_Based_Buffer_Overflow__CWE129_connect_socket_11__O0__bad,1
CWE121_Stack_Based_Buffer_Overflow__CWE129_connect_socket_11__O0__good,0
CWE121_Stack_Based_Buffer_Overflow__CWE129_connect_socket_11__O2__bad,1
CWE121_Stack_Based_Buffer_Overflow__CWE129_connect_socket_11__O2__good,0
CWE121_Stack_Based_Buffer_Overflow__CWE129_connect_socket_12__O0__bad,1
CWE121_Stack_Based_Buffer_Overflow__CWE129_connect_socket_12__O0__good,0
CWE121_Stack_Based_Buffer_Overflow__CWE129_connect_socket_12__O2__bad,1
CWE121_Stack_Based_Buffer_Overflow__CWE129_connect_socket_12__O2__good,0
CWE121_Stack_Based_Buffer_Overflow__CWE129_connect_socket_13__O0__bad,1
CWE121_Stack_Based_Buffer_Overflow__CWE129_connect_socket_13__O0__good,0
CWE121_Stack_Based_Buffer_Overflow__CWE129_connect_socket_13__O2__bad,1
CWE121_Stack_Based_Buffer_Overflow__CWE129_connect_socket_13__O2__good,0
CWE121_Stack_Based_Buffer_Overflow__CWE129_connect_socket_14__O0__bad,1
CWE121_Stack_Based_Buffer_Overflow__CWE129_connect_socket_14__O0__good,0
CWE121_Stack_Based_Buffer_Overflow__CWE129_connect_socket_14__O2__bad,1
CWE121_Stack_Based_Buffer_Overflow__CWE129_connect_socket_14__O2__good,0
CWE121_Stack_Based_Buffer_Overflow__CWE129_connect_socket_15__O0__bad,1
CWE121_Stack_Based_Buffer_Overflow__CWE129_connect_socket_15__O0__good,0
CWE121_Stack_Based_Buffer_Overflow__CWE129_connect_socket_15__O2__bad,1
CWE121_Stack_Based_Buffer_Overflow__CWE129_connect_socket_15__O2__good,0
CWE121_Stack_Based_Buffer_Overflow__CWE129_connect_socket_16__O0__bad,1
CWE121_Stack_Based_Buffer_Overflow__CWE129_connect_socket_16__O0__good,0
CWE121_Stack_Based_Buffer_Overflow__CWE129_connect_socket_16__O2__bad,1
CWE121_Stack_Based_Buffer_Overflow__CWE129_connect_socket_16__O2__good,0
CWE121_Stack_Based_Buffer_Overflow__CWE129_connect_socket_17__O0__bad,1
CWE121_Stack_Based_Buffer_Overflow__CWE129_connect_socket_17__O0__good,0
CWE121_Stack_Based_Buffer_Overflow__CWE129_connect_socket_17__O2__bad,1
CWE121_Stack_Based_Buffer_Overflow__CWE129_connect_socket_17__O2__good,0
CWE121_Stack_Based_Buffer_Overflow__CWE129_connect_socket_18__O0__bad,1
CWE121_Stack_Based_Buffer_Overflow__CWE129_connect_socket_18__O0__good,0
CWE121_Stack_Based_Buffer_Overflow__CWE129_connect_socket_18__O2__bad,1
CWE121_Stack_Based_Buffer_Overflow__CWE129_connect_socket_18__O2__good,0
CWE121_Stack_Based_Buffer_Overflow__CWE129_connect_socket_21__O0__bad,1
CWE121_Stack_Based_Buffer_Overflow__CWE129_connect_socket_21__O0__good,0
CWE121_Stack_Based_Buffer_Overflow__CWE129_connect_socket_21__O2__bad,1
CWE121_Stack_Based_Buffer_Overflow__CWE129_connect_socket_21__O2__good,0
CWE121_Stack_Based_Buffer_Overflow__CWE129_connect_socket_31__O0__bad,1
CWE121_Stack_Based_Buffer_Overflow__CWE129_connect_socket_31__O0__good,0
CWE121_Stack_Based_Buffer_Overflow__CWE129_connect_socket_31__O2__bad,1
CWE121_Stack_Based_Buffer_Overflow__CWE129_connect_socket_31__O2__good,0
CWE121_Stack_Based_Buffer_Overflow__CWE129_connect_socket_32__O0__bad,1
CWE121_Stack_Based_Buffer_Overflow__CWE129_connect_socket_32__O0__good,0
CWE121_Stack_Based_Buffer_Overflow__CWE129_connect_socket_32__O2__bad,1
CWE121_Stack_Based_Buffer_Overflow__CWE129_connect_socket_32__O2__good,0
CWE121_Stack_Based_Buffer_Overflow__CWE129_connect_socket_34__O0__bad,1
CWE121_Stack_Based_Buffer_Overflow__CWE129_connect_socket_34__O0__good,0
CWE121_Stack_Based_Buffer_Overflow__CWE129_connect_socket_34__O2__bad,1
CWE121_Stack_Based_Buffer_Overflow__CWE129_connect_socket_34__O2__good,0
CWE121_Stack_Based_Buffer_Overflow__CWE129_connect_socket_41__O0__bad,1
CWE121_Stack_Based_Buffer_Overflow__CWE129_connect_socket_41__O0__good,0
CWE121_Stack_Based_Buffer_Overflow__CWE129_connect_socket_41__O2__bad,1
CWE121_Stack_Based_Buffer_Overflow__CWE129_connect_socket_41__O2__good,0
CWE121_Stack_Based_Buffer_Overflow__CWE129_connect_socket_42__O0__bad,1
CWE121_Stack_Based_Buffer_Overflow__CWE129_connect_socket_42__O0__good,0
CWE121_Stack_Based_Buffer_Overflow__CWE129_connect_socket_42__O2__bad,1
CWE121_Stack_Based_Buffer_Overflow__CWE129_connect_socket_42__O2__good,0
CWE121_Stack_Based_Buffer_Overflow__CWE129_connect_socket_44__O0__bad,1
CWE121_Stack_Based_Buffer_Overflow__CWE129_connect_socket_44__O0__good,0
CWE121_Stack_Based_Buffer_Overflow__CWE129_connect_socket_44__O2__bad,1
CWE121_Stack_Based_Buffer_Overflow__CWE129_connect_socket_44__O2__good,0
CWE122_Heap_Based_Buffer_Overflow__char_type_overrun_memcpy_01__O0__bad,1
CWE122_Heap_Based_Buffer_Overflow__char_type_overrun_memcpy_01__O0__good,0
CWE122_Heap_Based_Buffer_Overflow__char_type_overrun_memcpy_01__O2__bad,1
CWE122_Heap_Based_Buffer_Overflow__char_type_overrun_memcpy_01__O2__good,0
CWE122_Heap_Based_Buffer_Overflow__char_type_overrun_memcpy_02__O0__bad,1
CWE122_Heap_Based_Buffer_Overflow__char_type_overrun_memcpy_02__O0__good,0
CWE122_Heap_Based_Buffer_Overflow__char_type_overrun_memcpy_02__O2__bad,1
CWE122_Heap_Based_Buffer_Overflow__char_type_overrun_memcpy_02__O2__good,0
CWE122_Heap_Based_Buffer_Overflow__char_type_overrun_memcpy_03__O0__bad,1
CWE122_Heap_Based_Buffer_Overflow__char_type_overrun_memcpy_03__O0__good,0
CWE122_Heap_Based_Buffer_Overflow__char_type_overrun_memcpy_03__O2__bad,1
CWE122_Heap_Based_Buffer_Overflow__char_type_overrun_memcpy_03__O2__good,0
CWE122_Heap_Based_Buffer_Overflow__char_type_overrun_memcpy_04__O0__bad,1
CWE122_Heap_Based_Buffer_Overflow__char_type_overrun_memcpy_04__O0__good,0
CWE122_Heap_Based_Buffer_Overflow__char_type_overrun_memcpy_04__O2__bad,1
CWE122_Heap_Based_Buffer_Overflow__char_type_overrun_memcpy_04__O2__good,0
CWE122_Heap_Based_Buffer_Overflow__char_type_overrun_memcpy_05__O0__bad,1
CWE122_Heap_Based_Buffer_Overflow__char_type_overrun_memcpy_05__O0__good,0
CWE122_Heap_Based_Buffer_Overflow__char_type_overrun_memcpy_05__O2__bad,1
CWE122_Heap_Based_Buffer_Overflow__char_type_overrun_memcpy_05__O2__good,0
CWE122_Heap_Based_Buffer_Overflow__char_type_overrun_memcpy_06__O0__bad,1
CWE122_Heap_Based_Buffer_Overflow__char_type_overrun_memcpy_06__O0__good,0
CWE122_Heap_Based_Buffer_Overflow__char_type_overrun_memcpy_06__O2__bad,1
CWE122_Heap_Based_Buffer_Overflow__char_type_overrun_memcpy_06__O2__good,0
CWE122_Heap_Based_Buffer_Overflow__char_type_overrun_memcpy_07__O0__bad,1
CWE122_Heap_Based_Buffer_Overflow__char_type_overrun_memcpy_07__O0__good,0
CWE122_Heap_Based_Buffer_Overflow__char_type_overrun_memcpy_07__O2__bad,1
CWE122_Heap_Based_Buffer_Overflow__char_type_overrun_memcpy_07__O2__good,0
CWE122_Heap_Based_Buffer_Overflow__char_type_overrun_memcpy_08__O0__bad,1
CWE122_Heap_Based_Buffer_Overflow__char_type_overrun_memcpy_08__O0__good,0
CWE122_Heap_Based_Buffer_Overflow__char_type_overrun_memcpy_08__O2__bad,1
CWE122_Heap_Based_Buffer_Overflow__char_type_overrun_memcpy_08__O2__good,0
CWE122_Heap_Based_Buffer_Overflow__char_type_overrun_memcpy_09__O0__bad,1
CWE122_Heap_Based_Buffer_Overflow__char_type_overrun_memcpy_09__O0__good,0
CWE122_Heap_Based_Buffer_Overflow__char_type_overrun_memcpy_09__O2__bad,1
CWE122_Heap_Based_Buffer_Overflow__char_type_overrun_memcpy_09__O2__good,0
CWE122_Heap_Based_Buffer_Overflow__char_type_overrun_memcpy_10__O0__bad,1
CWE122_Heap_Based_Buffer_Overflow__char_type_overrun_memcpy_10__O0__good,0
CWE122_Heap_Based_Buffer_Overflow__char_type_overrun_memcpy_10__O2__bad,1
CWE122_Heap_Based_Buffer_Overflow__char_type_overrun_memcpy_10__O2__good,0
CWE122_Heap_Based_Buffer_Overflow__char_type_overrun_memcpy_11__O0__bad,1
CWE122_Heap_Based_Buffer_Overflow__char_type_overrun_memcpy_11__O0__good,0
CWE122_Heap_Based_Buffer_Overflow__char_type_overrun_memcpy_11__O2__bad,1
CWE122_Heap_Based_Buffer_Overflow__char_type_overrun_memcpy_11__O2__good,0
CWE122_Heap_Based_Buffer_Overflow__char_type_overrun_memcpy_12__O0__bad,1
CWE122_Heap_Based_Buffer_Overflow__char_type_overrun_memcpy_12__O0__good,0
CWE122_Heap_Based_Buffer_Overflow__char_type_overrun_memcpy_12__O2__bad,1
CWE122_Heap_Based_Buffer_Overflow__char_type_overrun_memcpy_12__O2__good,0
CWE122_Heap_Based_Buffer_Overflow__char_type_overrun_memcpy_13__O0__bad,1
CWE122_Heap_Based_Buffer_Overflow__char_type_overrun_memcpy_13__O0__good,0
CWE122_Heap_Based_Buffer_Overflow__char_type_overrun_memcpy_13__O2__bad,1
CWE122_Heap_Based_Buffer_Overflow__char_type_overrun_memcpy_13__O2__good,0
CWE122_Heap_Based_Buffer_Overflow__char_type_overrun_memcpy_14__O0__bad,1
CWE122_Heap_Based_Buffer_Overflow__char_type_overrun_memcpy_14__O0__good,0
CWE122_Heap_Based_Buffer_Overflow__char_type_overrun_memcpy_14__O2__bad,1
CWE122_Heap_Based_Buffer_Overflow__char_type_overrun_memcpy_14__O2__good,0
CWE122_Heap_Based_Buffer_Overflow__char_type_overrun_memcpy_15__O0__bad,1
CWE122_Heap_Based_Buffer_Overflow__char_type_overrun_memcpy_15__O0__good,0
CWE122_Heap_Based_Buffer_Overflow__char_type_overrun_memcpy_15__O2__bad,1
CWE122_Heap_Based_Buffer_Overflow__char_type_overrun_memcpy_15__O2__good,0
CWE122_Heap_Based_Buffer_Overflow__char_type_overrun_memcpy_16__O0__bad,1
CWE122_Heap_Based_Buffer_Overflow__char_type_overrun_memcpy_16__O0__good,0
CWE122_Heap_Based_Buffer_Overflow__char_type_overrun_memcpy_16__O2__bad,1
CWE122_Heap_Based_Buffer_Overflow__char_type_overrun_memcpy_16__O2__good,0
CWE122_Heap_Based_Buffer_Overflow__char_type_overrun_memcpy_17__O0__bad,1
CWE122_Heap_Based_Buffer_Overflow__char_type_overrun_memcpy_17__O0__good,0
CWE122_Heap_Based_Buffer_Overflow__char_type_overrun_memcpy_17__O2__bad,1
CWE122_Heap_Based_Buffer_Overflow__char_type_overrun_memcpy_17__O2__good,0
CWE122_Heap_Based_Buffer_Overflow__char_type_overrun_memcpy_18__O0__bad,1
CWE122_Heap_Based_Buffer_Overflow__char_type_overrun_memcpy_18__O0__good,0
CWE122_Heap_Based_Buffer_Overflow__char_type_overrun_memcpy_18__O2__bad,1
CWE122_Heap_Based_Buffer_Overflow__char_type_overrun_memcpy_18__O2__good,0
CWE122_Heap_Based_Buffer_Overflow__char_type_overrun_memmove_01__O0__bad,1
CWE122_Heap_Based_Buffer_Overflow__char_type_overrun_memmove_01__O0__good,0
CWE122_Heap_Based_Buffer_Overflow__char_type_overrun_memmove_01__O2__bad,1
CWE122_Heap_Based_Buffer_Overflow__char_type_overrun_memmove_01__O2__good,0
CWE122_Heap_Based_Buffer_Overflow__char_type_overrun_memmove_02__O0__bad,1
CWE122_Heap_Based_Buffer_Overflow__char_type_overrun_memmove_02__O0__good,0
CWE122_Heap_Based_Buffer_Overflow__char_type_overrun_memmove_02__O2__bad,1
CWE122_Heap_Based_Buffer_Overflow__char_type_overrun_memmove_02__O2__good,0
CWE122_Heap_Based_Buffer_Overflow__char_type_overrun_memmove_03__O0__bad,1
CWE122_Heap_Based_Buffer_Overflow__char_type_overrun_memmove_03__O0__good,0
CWE122_Heap_Based_Buffer_Overflow__char_type_overrun_memmove_03__O2__bad,1
CWE122_Heap_Based_Buffer_Overflow__char_type_overrun_memmove_03__O2__good,0
CWE122_Heap_Based_Buffer_Overflow__char_type_overrun_memmove_04__O0__bad,1
CWE122_Heap_Based_Buffer_Overflow__char_type_overrun_memmove_04__O0__good,0
CWE122_Heap_Based_Buffer_Overflow__char_type_overrun_memmove_04__O2__bad,1
CWE122_Heap_Based_Buffer_Overflow__char_type_overrun_memmove_04__O2__good,0
CWE122_Heap_Based_Buffer_Overflow__char_type_overrun_memmove_05__O0__bad,1
CWE122_Heap_Based_Buffer_Overflow__char_type_overrun_memmove_05__O0__good,0
CWE122_Heap_Based_Buffer_Overflow__char_type_overrun_memmove_05__O2__bad,1
CWE122_Heap_Based_Buffer_Overflow__char_type_overrun_memmove_05__O2__good,0
CWE122_Heap_Based_Buffer_Overflow__char_type_overrun_memmove_06__O0__bad,1
CWE122_Heap_Based_Buffer_Overflow__char_type_overrun_memmove_06__O0__good,0
CWE122_Heap_Based_Buffer_Overflow__char_type_overrun_memmove_06__O2__bad,1
CWE122_Heap_Based_Buffer_Overflow__char_type_overrun_memmove_06__O2__good,0
CWE122_Heap_Based_Buffer_Overflow__char_type_overrun_memmove_07__O0__bad,1
CWE122_Heap_Based_Buffer_Overflow__char_type_overrun_memmove_07__O0__good,0
CWE122_Heap_Based_Buffer_Overflow__char_type_overrun_memmove_07__O2__bad,1
CWE122_Heap_Based_Buffer_Overflow__char_type_overrun_memmove_07__O2__good,0
CWE134_Uncontrolled_Format_String__char_connect_socket_fprintf_01__O0__bad,1
CWE134_Uncontrolled_Format_String__char_connect_socket_fprintf_01__O0__good,0
CWE134_Uncontrolled_Format_String__char_connect_socket_fprintf_01__O2__bad,1
CWE134_Uncontrolled_Format_String__char_connect_socket_fprintf_01__O2__good,0
CWE134_Uncontrolled_Format_String__char_connect_socket_fprintf_02__O0__bad,1
CWE134_Uncontrolled_Format_String__char_connect_socket_fprintf_02__O0__good,0
CWE134_Uncontrolled_Format_String__char_connect_socket_fprintf_02__O2__bad,1
CWE134_Uncontrolled_Format_String__char_connect_socket_fprintf_02__O2__good,0
CWE134_Uncontrolled_Format_String__char_connect_socket_fprintf_03__O0__bad,1
CWE134_Uncontrolled_Format_String__char_connect_socket_fprintf_03__O0__good,0
CWE134_Uncontrolled_Format_String__char_connect_socket_fprintf_03__O2__bad,1
CWE134_Uncontrolled_Format_String__char_connect_socket_fprintf_03__O2__good,0
CWE134_Uncontrolled_Format_String__char_connect_socket_fprintf_04__O0__bad,1
CWE134_Uncontrolled_Format_String__char_connect_socket_fprintf_04__O0__good,0
CWE134_Uncontrolled_Format_String__char_connect_socket_fprintf_04__O2__bad,1
CWE134_Uncontrolled_Format_String__char_connect_socket_fprintf_04__O2__good,0
CWE134_Uncontrolled_Format_String__char_connect_socket_fprintf_05__O0__bad,1
CWE134_Uncontrolled_Format_String__char_connect_socket_fprintf_05__O0__good,0
CWE134_Uncontrolled_Format_String__char_connect_socket_fprintf_05__O2__bad,1
CWE134_Uncontrolled_Format_String__char_connect_socket_fprintf_05__O2__good,0
CWE134_Uncontrolled_Format_String__char_connect_socket_fprintf_06__O0__bad,1
CWE134_Uncontrolled_Format_String__char_connect_socket_fprintf_06__O0__good,0
CWE134_Uncontrolled_Format_String__char_connect_socket_fprintf_06__O2__bad,1
CWE134_Uncontrolled_Format_String__char_connect_socket_fprintf_06__O2__good,0
CWE134_Uncontrolled_Format_String__char_connect_socket_fprintf_07__O0__bad,1
CWE134_Uncontrolled_Format_String__char_connect_socket_fprintf_07__O0__good,0
CWE134_Uncontrolled_Format_String__char_connect_socket_fprintf_07__O2__bad,1
CWE134_Uncontrolled_Format_String__char_connect_socket_fprintf_07__O2__good,0
CWE134_Uncontrolled_Format_String__char_connect_socket_fprintf_08__O0__bad,1
CWE134_Uncontrolled_Format_String__char_connect_socket_fprintf_08__O0__good,0
CWE134_Uncontrolled_Format_String__char_connect_socket_fprintf_08__O2__bad,1
CWE134_Uncontrolled_Format_String__char_connect_socket_fprintf_08__O2__good,0
CWE134_Uncontrolled_Format_String__char_connect_socket_fprintf_09__O0__bad,1
CWE134_Uncontrolled_Format_String__char_connect_socket_fprintf_09__O0__good,0
CWE134_Uncontrolled_Format_String__char_connect_socket_fprintf_09__O2__bad,1
CWE134_Uncontrolled_Format_String__char_connect_socket_fprintf_09__O2__good,0
CWE134_Uncontrolled_Format_String__char_connect_socket_fprintf_10__O0__bad,1
CWE134_Uncontrolled_Format_String__char_connect_socket_fprintf_10__O0__good,0
CWE134_Uncontrolled_Format_String__char_connect_socket_fprintf_10__O2__bad,1
CWE134_Uncontrolled_Format_String__char_connect_socket_fprintf_10__O2__good,0
CWE134_Uncontrolled_Format_String__char_connect_socket_fprintf_11__O0__bad,1
CWE134_Uncontrolled_Format_String__char_connect_socket_fprintf_11__O0__good,0
CWE134_Uncontrolled_Format_String__char_connect_socket_fprintf_11__O2__bad,1
CWE134_Uncontrolled_Format_String__char_connect_socket_fprintf_11__O2__good,0
CWE134_Uncontrolled_Format_String__char_connect_socket_fprintf_12__O0__bad,1
CWE134_Uncontrolled_Format_String__char_connect_socket_fprintf_12__O0__good,0
CWE134_Uncontrolled_Format_String__char_connect_socket_fprintf_12__O2__bad,1
CWE134_Uncontrolled_Format_String__char_connect_socket_fprintf_12__O2__good,0
CWE134_Uncontrolled_Format_String__char_connect_socket_fprintf_13__O0__bad,1
CWE134_Uncontrolled_Format_String__char_connect_socket_fprintf_13__O0__good,0
CWE134_Uncontrolled_Format_String__char_connect_socket_fprintf_13__O2__bad,1
CWE134_Uncontrolled_Format_String__char_connect_socket_fprintf_13__O2__good,0
CWE134_Uncontrolled_Format_String__char_connect_socket_fprintf_14__O0__bad,1
CWE134_Uncontrolled_Format_String__char_connect_socket_fprintf_14__O0__good,0
CWE134_Uncontrolled_Format_String__char_connect_socket_fprintf_14__O2__bad,1
CWE134_Uncontrolled_Format_String__char_connect_socket_fprintf_14__O2__good,0
CWE134_Uncontrolled_Format_String__char_connect_socket_fprintf_15__O0__bad,1
CWE134_Uncontrolled_Format_String__char_connect_socket_fprintf_15__O0__good,0
CWE134_Uncontrolled_Format_String__char_connect_socket_fprintf_15__O2__bad,1
CWE134_Uncontrolled_Format_String__char_connect_socket_fprintf_15__O2__good,0
CWE134_Uncontrolled_Format_String__char_connect_socket_fprintf_16__O0__bad,1
CWE134_Uncontrolled_Format_String__char_connect_socket_fprintf_16__O0__good,0
CWE134_Uncontrolled_Format_String__char_connect_socket_fprintf_16__O2__bad,1
CWE134_Uncontrolled_Format_String__char_connect_socket_fprintf_16__O2__good,0
CWE134_Uncontrolled_Format_String__char_connect_socket_fprintf_17__O0__bad,1
CWE134_Uncontrolled_Format_String__char_connect_socket_fprintf_17__O0__good,0
CWE134_Uncontrolled_Format_String__char_connect_socket_fprintf_17__O2__bad,1
CWE134_Uncontrolled_Format_String__char_connect_socket_fprintf_17__O2__good,0
CWE134_Uncontrolled_Format_String__char_connect_socket_fprintf_18__O0__bad,1
CWE134_Uncontrolled_Format_String__char_connect_socket_fprintf_18__O0__good,0
CWE134_Uncontrolled_Format_String__char_connect_socket_fprintf_18__O2__bad,1
CWE134_Uncontrolled_Format_String__char_connect_socket_fprintf_18__O2__good,0
CWE134_Uncontrolled_Format_String__char_connect_socket_fprintf_21__O0__bad,1
CWE134_Uncontrolled_Format_String__char_connect_socket_fprintf_21__O0__good,0
CWE134_Uncontrolled_Format_String__char_connect_socket_fprintf_21__O2__bad,1
CWE134_Uncontrolled_Format_String__char_connect_socket_fprintf_21__O2__good,0
CWE134_Uncontrolled_Format_String__char_connect_socket_fprintf_31__O0__bad,1
CWE134_Uncontrolled_Format_String__char_connect_socket_fprintf_31__O0__good,0
CWE134_Uncontrolled_Format_String__char_connect_socket_fprintf_31__O2__bad,1
CWE134_Uncontrolled_Format_String__char_connect_socket_fprintf_31__O2__good,0
CWE134_Uncontrolled_Format_String__char_connect_socket_fprintf_32__O0__bad,1
CWE134_Uncontrolled_Format_String__char_connect_socket_fprintf_32__O0__good,0
CWE134_Uncontrolled_Format_String__char_connect_socket_fprintf_32__O2__bad,1
CWE134_Uncontrolled_Format_String__char_connect_socket_fprintf_32__O2__good,0
CWE134_Uncontrolled_Format_String__char_connect_socket_fprintf_34__O0__bad,1
CWE134_Uncontrolled_Format_String__char_connect_socket_fprintf_34__O0__good,0
CWE134_Uncontrolled_Format_String__char_connect_socket_fprintf_34__O2__bad,1
CWE134_Uncontrolled_Format_String__char_connect_socket_fprintf_34__O2__good,0
CWE134_Uncontrolled_Format_String__char_connect_socket_fprintf_41__O0__bad,1
CWE134_Uncontrolled_Format_String__char_connect_socket_fprintf_41__O0__good,0
CWE134_Uncontrolled_Format_String__char_connect_socket_fprintf_41__O2__bad,1
CWE134_Uncontrolled_Format_String__char_connect_socket_fprintf_41__O2__good,0
CWE134_Uncontrolled_Format_String__char_connect_socket_fprintf_42__O0__bad,1
CWE134_Uncontrolled_Format_String__char_connect_socket_fprintf_42__O0__good,0
CWE134_Uncontrolled_Format_String__char_connect_socket_fprintf_42__O2__bad,1
CWE134_Uncontrolled_Format_String__char_connect_socket_fprintf_42__O2__good,0
CWE134_Uncontrolled_Format_String__char_connect_socket_fprintf_44__O0__bad,1
CWE134_Uncontrolled_Format_String__char_connect_socket_fprintf_44__O0__good,0
CWE134_Uncontrolled_Format_String__char_connect_socket_fprintf_44__O2__bad,1
CWE134_Uncontrolled_Format_String__char_connect_socket_fprintf_44__O2__good,0
CWE190_Integer_Overflow__char_fscanf_add_01__O0__bad,1
CWE190_Integer_Overflow__char_fscanf_add_01__O0__good,0
CWE190_Integer_Overflow__char_fscanf_add_01__O2__bad,1
CWE190_Integer_Overflow__char_fscanf_add_01__O2__good,0
CWE190_Integer_Overflow__char_fscanf_add_02__O0__bad,1
CWE190_Integer_Overflow__char_fscanf_add_02__O0__good,0
CWE190_Integer_Overflow__char_fscanf_add_02__O2__bad,1
CWE190_Integer_Overflow__char_fscanf_add_02__O2__good,0
CWE190_Integer_Overflow__char_fscanf_add_03__O0__bad,1
CWE190_Integer_Overflow__char_fscanf_add_03__O0__good,0
CWE190_Integer_Overflow__char_fscanf_add_03__O2__bad,1
CWE190_Integer_Overflow__char_fscanf_add_03__O2__good,0
CWE190_Integer_Overflow__char_fscanf_add_04__O0__bad,1
CWE190_Integer_Overflow__char_fscanf_add_04__O0__good,0
CWE190_Integer_Overflow__char_fscanf_add_04__O2__bad,1
CWE190_Integer_Overflow__char_fscanf_add_04__O2__good,0
CWE190_Integer_Overflow__char_fscanf_add_05__O0__bad,1
CWE190_Integer_Overflow__char_fscanf_add_05__O0__good,0
CWE190_Integer_Overflow__char_fscanf_add_05__O2__bad,1
CWE190_Integer_Overflow__char_fscanf_add_05__O2__good,0
CWE190_Integer_Overflow__char_fscanf_add_06__O0__bad,1
CWE190_Integer_Overflow__char_fscanf_add_06__O0__good,0
CWE190_Integer_Overflow__char_fscanf_add_06__O2__bad,1
CWE190_Integer_Overflow__char_fscanf_add_06__O2__good,0
CWE190_Integer_Overflow__char_fscanf_add_07__O0__bad,1
CWE190_Integer_Overflow__char_fscanf_add_07__O0__good,0
CWE190_Integer_Overflow__char_fscanf_add_07__O2__bad,1
CWE190_Integer_Overflow__char_fscanf_add_07__O2__good,0
CWE190_Integer_Overflow__char_fscanf_add_08__O0__bad,1
CWE190_Integer_Overflow__char_fscanf_add_08__O0__good,0
CWE190_Integer_Overflow__char_fscanf_add_08__O2__bad,1
CWE190_Integer_Overflow__char_fscanf_add_08__O2__good,0
CWE190_Integer_Overflow__char_fscanf_add_09__O0__bad,1
CWE190_Integer_Overflow__char_fscanf_add_09__O0__good,0
CWE190_Integer_Overflow__char_fscanf_add_09__O2__bad,1
CWE190_Integer_Overflow__char_fscanf_add_09__O2__good,0
CWE190_Integer_Overflow__char_fscanf_add_10__O0__bad,1
CWE190_Integer_Overflow__char_fscanf_add_10__O0__good,0
CWE190_Integer_Overflow__char_fscanf_add_10__O2__bad,1
CWE190_Integer_Overflow__char_fscanf_add_10__O2__good,0
CWE190_Integer_Overflow__char_fscanf_add_11__O0__bad,1
CWE190_Integer_Overflow__char_fscanf_add_11__O0__good,0
CWE190_Integer_Overflow__char_fscanf_add_11__O2__bad,1
CWE190_Integer_Overflow__char_fscanf_add_11__O2__good,0
CWE190_Integer_Overflow__char_fscanf_add_12__O0__bad,1
CWE190_Integer_Overflow__char_fscanf_add_12__O0__good,0
CWE190_Integer_Overflow__char_fscanf_add_12__O2__bad,1
CWE190_Integer_Overflow__char_fscanf_add_12__O2__good,0
CWE190_Integer_Overflow__char_fscanf_add_13__O0__bad,1
CWE190_Integer_Overflow__char_fscanf_add_13__O0__good,0
CWE190_Integer_Overflow__char_fscanf_add_13__O2__bad,1
CWE190_Integer_Overflow__char_fscanf_add_13__O2__good,0
CWE190_Integer_Overflow__char_fscanf_add_14__O0__bad,1
CWE190_Integer_Overflow__char_fscanf_add_14__O0__good,0
CWE190_Integer_Overflow__char_fscanf_add_14__O2__bad,1
CWE190_Integer_Overflow__char_fscanf_add_14__O2__good,0
CWE190_Integer_Overflow__char_fscanf_add_15__O0__bad,1
CWE190_Integer_Overflow__char_fscanf_add_15__O0__good,0
CWE190_Integer_Overflow__char_fscanf_add_15__O2__bad,1
CWE190_Integer_Overflow__char_fscanf_add_15__O2__good,0
CWE190_Integer_Overflow__char_fscanf_add_16__O0__bad,1
CWE190_Integer_Overflow__char_fscanf_add_16__O0__good,0
CWE190_Integer_Overflow__char_fscanf_add_16__O2__bad,1
CWE190_Integer_Overflow__char_fscanf_add_16__O2__good,0
CWE190_Integer_Overflow__char_fscanf_add_17__O0__bad,1
CWE190_Integer_Overflow__char_fscanf_add_17__O0__good,0
CWE190_Integer_Overflow__char_fscanf_add_17__O2__bad,1
CWE190_Integer_Overflow__char_fscanf_add_17__O2__good,0
CWE190_Integer_Overflow__char_fscanf_add_18__O0__bad,1
CWE190_Integer_Overflow__char_fscanf_add_18__O0__good,0
CWE190_Integer_Overflow__char_fscanf_add_18__O2__bad,1
CWE190_Integer_Overflow__char_fscanf_add_18__O2__good,0
CWE190_Integer_Overflow__char_fscanf_add_21__O0__bad,1
CWE190_Integer_Overflow__char_fscanf_add_21__O0__good,0
CWE190_Integer_Overflow__char_fscanf_add_21__O2__bad,1
CWE190_Integer_Overflow__char_fscanf_add_21__O2__good,0
CWE190_Integer_Overflow__char_fscanf_add_31__O0__bad,1
CWE190_Integer_Overflow__char_fscanf_add_31__O0__good,0
CWE190_Integer_Overflow__char_fscanf_add_31__O2__bad,1
CWE190_Integer_Overflow__char_fscanf_add_31__O2__good,0
CWE190_Integer_Overflow__char_fscanf_add_32__O0__bad,1
CWE190_Integer_Overflow__char_fscanf_add_32__O0__good,0
CWE190_Integer_Overflow__char_fscanf_add_32__O2__bad,1
CWE190_Integer_Overflow__char_fscanf_add_32__O2__good,0
CWE190_Integer_Overflow__char_fscanf_add_34__O0__bad,1
CWE190_Integer_Overflow__char_fscanf_add_34__O0__good,0
CWE190_Integer_Overflow__char_fscanf_add_34__O2__bad,1
CWE190_Integer_Overflow__char_fscanf_add_34__O2__good,0
CWE190_Integer_Overflow__char_fscanf_add_41__O0__bad,1
CWE190_Integer_Overflow__char_fscanf_add_41__O0__good,0
CWE190_Integer_Overflow__char_fscanf_add_41__O2__bad,1
CWE190_Integer_Overflow__char_fscanf_add_41__O2__good,0
CWE190_Integer_Overflow__char_fscanf_add_42__O0__bad,1
CWE190_Integer_Overflow__char_fscanf_add_42__O0__good,0
CWE190_Integer_Overflow__char_fscanf_add_42__O2__bad,1
CWE190_Integer_Overflow__char_fscanf_add_42__O2__good,0
CWE190_Integer_Overflow__char_fscanf_add_44__O0__bad,1
CWE190_Integer_Overflow__char_fscanf_add_44__O0__good,0
CWE190_Integer_Overflow__char_fscanf_add_44__O2__bad,1
CWE190_Integer_Overflow__char_fscanf_add_44__O2__good,0
CWE369_Divide_by_Zero__float_connect_socket_01__O0__bad,1
CWE369_Divide_by_Zero__float_connect_socket_01__O0__good,0
CWE369_Divide_by_Zero__float_connect_socket_01__O2__bad,1
CWE369_Divide_by_Zero__float_connect_socket_01__O2__good,0
CWE369_Divide_by_Zero__float_connect_socket_02__O0__bad,1
CWE369_Divide_by_Zero__float_connect_socket_02__O0__good,0
CWE369_Divide_by_Zero__float_connect_socket_02__O2__bad,1
CWE369_Divide_by_Zero__float_connect_socket_02__O2__good,0
CWE369_Divide_by_Zero__float_connect_socket_03__O0__bad,1
CWE369_Divide_by_Zero__float_connect_socket_03__O0__good,0
CWE369_Divide_by_Zero__float_connect_socket_03__O2__bad,1
CWE369_Divide_by_Zero__float_connect_socket_03__O2__good,0
CWE369_Divide_by_Zero__float_connect_socket_04__O0__bad,1
CWE369_Divide_by_Zero__float_connect_socket_04__O0__good,0
CWE369_Divide_by_Zero__float_connect_socket_04__O2__bad,1
CWE369_Divide_by_Zero__float_connect_socket_04__O2__good,0
CWE369_Divide_by_Zero__float_connect_socket_05__O0__bad,1
CWE369_Divide_by_Zero__float_connect_socket_05__O0__good,0
CWE369_Divide_by_Zero__float_connect_socket_05__O2__bad,1
CWE369_Divide_by_Zero__float_connect_socket_05__O2__good,0
CWE369_Divide_by_Zero__float_connect_socket_06__O0__bad,1
CWE369_Divide_by_Zero__float_connect_socket_06__O0__good,0
CWE369_Divide_by_Zero__float_connect_socket_06__O2__bad,1
CWE369_Divide_by_Zero__float_connect_socket_06__O2__good,0
CWE369_Divide_by_Zero__float_connect_socket_07__O0__bad,1
CWE369_Divide_by_Zero__float_connect_socket_07__O0__good,0
CWE369_Divide_by_Zero__float_connect_socket_07__O2__bad,1
CWE369_Divide_by_Zero__float_connect_socket_07__O2__good,0
CWE369_Divide_by_Zero__float_connect_socket_08__O0__bad,1
CWE369_Divide_by_Zero__float_connect_socket_08__O0__good,0
CWE369_Divide_by_Zero__float_connect_socket_08__O2__bad,1
CWE369_Divide_by_Zero__float_connect_socket_08__O2__good,0
CWE369_Divide_by_Zero__float_connect_socket_09__O0__bad,1
CWE369_Divide_by_Zero__float_connect_socket_09__O0__good,0
CWE369_Divide_by_Zero__float_connect_socket_09__O2__bad,1
CWE369_Divide_by_Zero__float_connect_socket_09__O2__good,0
CWE369_Divide_by_Zero__float_connect_socket_10__O0__bad,1
CWE369_Divide_by_Zero__float_connect_socket_10__O0__good,0
CWE369_Divide_by_Zero__float_connect_socket_10__O2__bad,1
CWE369_Divide_by_Zero__float_connect_socket_10__O2__good,0
CWE369_Divide_by_Zero__float_connect_socket_11__O0__bad,1
CWE369_Divide_by_Zero__float_connect_socket_11__O0__good,0
CWE369_Divide_by_Zero__float_connect_socket_11__O2__bad,1
CWE369_Divide_by_Zero__float_connect_socket_11__O2__good,0
CWE369_Divide_by_Zero__float_connect_socket_12__O0__bad,1
CWE369_Divide_by_Zero__float_connect_socket_12__O0__good,0
CWE369_Divide_by_Zero__float_connect_socket_12__O2__bad,1
CWE369_Divide_by_Zero__float_connect_socket_12__O2__good,0
CWE369_Divide_by_Zero__float_connect_socket_13__O0__bad,1
CWE369_Divide_by_Zero__float_connect_socket_13__O0__good,0
CWE369_Divide_by_Zero__float_connect_socket_13__O2__bad,1
CWE369_Divide_by_Zero__float_connect_socket_13__O2__good,0
CWE369_Divide_by_Zero__float_connect_socket_14__O0__bad,1
CWE369_Divide_by_Zero__float_connect_socket_14__O0__good,0
CWE369_Divide_by_Zero__float_connect_socket_14__O2__bad,1
CWE369_Divide_by_Zero__float_connect_socket_14__O2__good,0
CWE369_Divide_by_Zero__float_connect_socket_15__O0__bad,1
CWE369_Divide_by_Zero__float_connect_socket_15__O0__good,0
CWE369_Divide_by_Zero__float_connect_socket_15__O2__bad,1
CWE369_Divide_by_Zero__float_connect_socket_15__O2__good,0
CWE369_Divide_by_Zero__float_connect_socket_16__O0__bad,1
CWE369_Divide_by_Zero__float_connect_socket_16__O0__good,0
CWE369_Divide_by_Zero__float_connect_socket_16__O2__bad,1
CWE369_Divide_by_Zero__float_connect_socket_16__O2__good,0
CWE369_Divide_by_Zero__float_connect_socket_17__O0__bad,1
CWE369_Divide_by_Zero__float_connect_socket_17__O0__good,0
CWE369_Divide_by_Zero__float_connect_socket_17__O2__bad,1
CWE369_Divide_by_Zero__float_connect_socket_17__O2__good,0
CWE369_Divide_by_Zero__float_connect_socket_18__O0__bad,1
CWE369_Divide_by_Zero__float_connect_socket_18__O0__good,0
CWE369_Divide_by_Zero__float_connect_socket_18__O2__bad,1
CWE369_Divide_by_Zero__float_connect_socket_18__O2__good,0
CWE369_Divide_by_Zero__float_connect_socket_21__O0__bad,1
CWE369_Divide_by_Zero__float_connect_socket_21__O0__good,0
CWE369_Divide_by_Zero__float_connect_socket_21__O2__bad,1
CWE369_Divide_by_Zero__float_connect_socket_21__O2__good,0
CWE369_Divide_by_Zero__float_connect_socket_31__O0__bad,1
CWE369_Divide_by_Zero__float_connect_socket_31__O0__good,0
CWE369_Divide_by_Zero__float_connect_socket_31__O2__bad,1
CWE369_Divide_by_Zero__float_connect_socket_31__O2__good,0
CWE369_Divide_by_Zero__float_connect_socket_32__O0__bad,1
CWE369_Divide_by_Zero__float_connect_socket_32__O0__good,0
CWE369_Divide_by_Zero__float_connect_socket_32__O2__bad,1
CWE369_Divide_by_Zero__float_connect_socket_32__O2__good,0
CWE369_Divide_by_Zero__float_connect_socket_34__O0__bad,1
CWE369_Divide_by_Zero__float_connect_socket_34__O0__good,0
CWE369_Divide_by_Zero__float_connect_socket_34__O2__bad,1
CWE369_Divide_by_Zero__float_connect_socket_34__O2__good,0
CWE369_Divide_by_Zero__float_connect_socket_41__O0__bad,1
CWE369_Divide_by_Zero__float_connect_socket_41__O0__good,0
CWE369_Divide_by_Zero__float_connect_socket_41__O2__bad,1
CWE369_Divide_by_Zero__float_connect_socket_41__O2__good,0
CWE369_Divide_by_Zero__float_connect_socket_42__O0__bad,1
CWE369_Divide_by_Zero__float_connect_socket_42__O0__good,0
CWE369_Divide_by_Zero__float_connect_socket_42__O2__bad,1
CWE369_Divide_by_Zero__float_connect_socket_42__O2__good,0
CWE369_Divide_by_Zero__float_connect_socket_44__O0__bad,1
CWE369_Divide_by_Zero__float_connect_socket_44__O0__good,0
CWE369_Divide_by_Zero__float_connect_socket_44__O2__bad,1
CWE369_Divide_by_Zero__float_connect_socket_44__O2__good,0
CWE415_Double_Free__malloc_free_char_01__O0__bad,1
CWE415_Double_Free__malloc_free_char_01__O0__good,0
CWE415_Double_Free__malloc_free_char_01__O2__bad,1
CWE415_Double_Free__malloc_free_char_01__O2__good,0
CWE415_Double_Free__malloc_free_char_02__O0__bad,1
CWE415_Double_Free__malloc_free_char_02__O0__good,0
CWE415_Double_Free__malloc_free_char_02__O2__bad,1
CWE415_Double_Free__malloc_free_char_02__O2__good,0
CWE415_Double_Free__malloc_free_char_03__O0__bad,1
CWE415_Double_Free__malloc_free_char_03__O0__good,0
CWE415_Double_Free__malloc_free_char_03__O2__bad,1
CWE415_Double_Free__malloc_free_char_03__O2__good,0
CWE415_Double_Free__malloc_free_char_04__O0__bad,1
CWE415_Double_Free__malloc_free_char_04__O0__good,0
CWE415_Double_Free__malloc_free_char_04__O2__bad,1
CWE415_Double_Free__malloc_free_char_04__O2__good,0
CWE415_Double_Free__malloc_free_char_05__O0__bad,1
CWE415_Double_Free__malloc_free_char_05__O0__good,0
CWE415_Double_Free__malloc_free_char_05__O2__bad,1
CWE415_Double_Free__malloc_free_char_05__O2__good,0
CWE415_Double_Free__malloc_free_char_06__O0__bad,1
CWE415_Double_Free__malloc_free_char_06__O0__good,0
CWE415_Double_Free__malloc_free_char_06__O2__bad,1
CWE415_Double_Free__malloc_free_char_06__O2__good,0
CWE415_Double_Free__malloc_free_char_07__O0__bad,1
CWE415_Double_Free__malloc_free_char_07__O0__good,0
CWE415_Double_Free__malloc_free_char_07__O2__bad,1
CWE415_Double_Free__malloc_free_char_07__O2__good,0
CWE415_Double_Free__malloc_free_char_08__O0__bad,1
CWE415_Double_Free__malloc_free_char_08__O0__good,0
CWE415_Double_Free__malloc_free_char_08__O2__bad,1
CWE415_Double_Free__malloc_free_char_08__O2__good,0
CWE415_Double_Free__malloc_free_char_09__O0__bad,1
CWE415_Double_Free__malloc_free_char_09__O0__good,0
CWE415_Double_Free__malloc_free_char_09__O2__bad,1
CWE415_Double_Free__malloc_free_char_09__O2__good,0
CWE415_Double_Free__malloc_free_char_10__O0__bad,1
CWE415_Double_Free__malloc_free_char_10__O0__good,0
CWE415_Double_Free__malloc_free_char_10__O2__bad,1
CWE415_Double_Free__malloc_free_char_10__O2__good,0
CWE415_Double_Free__malloc_free_char_11__O0__bad,1
CWE415_Double_Free__malloc_free_char_11__O0__good,0
CWE415_Double_Free__malloc_free_char_11__O2__bad,1
CWE415_Double_Free__malloc_free_char_11__O2__good,0
CWE415_Double_Free__malloc_free_char_12__O0__bad,1
CWE415_Double_Free__malloc_free_char_12__O0__good,0
CWE415_Double_Free__malloc_free_char_12__O2__bad,1
CWE415_Double_Free__malloc_free_char_12__O2__good,0
CWE415_Double_Free__malloc_free_char_13__O0__bad,1
CWE415_Double_Free__malloc_free_char_13__O0__good,0
CWE415_Double_Free__malloc_free_char_13__O2__bad,1
CWE415_Double_Free__malloc_free_char_13__O2__good,0
CWE415_Double_Free__malloc_free_char_14__O0__bad,1
CWE415_Double_Free__malloc_free_char_14__O0__good,0
CWE415_Double_Free__malloc_free_char_14__O2__bad,1
CWE415_Double_Free__malloc_free_char_14__O2__good,0
CWE415_Double_Free__malloc_free_char_15__O0__bad,1
CWE415_Double_Free__malloc_free_char_15__O0__good,0
CWE415_Double_Free__malloc_free_char_15__O2__bad,1
CWE415_Double_Free__malloc_free_char_15__O2__good,0
CWE415_Double_Free__malloc_free_char_16__O0__bad,1
CWE415_Double_Free__malloc_free_char_16__O0__good,0
CWE415_Double_Free__malloc_free_char_16__O2__bad,1
CWE415_Double_Free__malloc_free_char_16__O2__good,0
CWE415_Double_Free__malloc_free_char_17__O0__bad,1
CWE415_Double_Free__malloc_free_char_17__O0__good,0
CWE415_Double_Free__malloc_free_char_17__O2__bad,1
CWE415_Double_Free__malloc_free_char_17__O2__good,0
CWE415_Double_Free__malloc_free_char_18__O0__bad,1
CWE415_Double_Free__malloc_free_char_18__O0__good,0
CWE415_Double_Free__malloc_free_char_18__O2__bad,1
CWE415_Double_Free__malloc_free_char_18__O2__good,0
CWE415_Double_Free__malloc_free_char_21__O0__bad,1
CWE415_Double_Free__malloc_free_char_21__O0__good,0
CWE415_Double_Free__malloc_free_char_21__O2__bad,1
CWE415_Double_Free__malloc_free_char_21__O2__good,0
CWE415_Double_Free__malloc_free_char_31__O0__bad,1
CWE415_Double_Free__malloc_free_char_31__O0__good,0
CWE415_Double_Free__malloc_free_char_31__O2__bad,1
CWE415_Double_Free__malloc_free_char_31__O2__good,0
CWE415_Double_Free__malloc_free_char_32__O0__bad,1
CWE415_Double_Free__malloc_free_char_32__O0__good,0
CWE415_Double_Free__malloc_free_char_32__O2__bad,1
CWE415_Double_Free__malloc_free_char_32__O2__good,0
CWE415_Double_Free__malloc_free_char_34__O0__bad,1
CWE415_Double_Free__malloc_free_char_34__O0__good,0
CWE415_Double_Free__malloc_free_char_34__O2__bad,1
CWE415_Double_Free__malloc_free_char_34__O2__good,0
CWE415_Double_Free__malloc_free_char_41__O0__bad,1
CWE415_Double_Free__malloc_free_char_41__O0__good,0
CWE415_Double_Free__malloc_free_char_41__O2__bad,1
CWE415_Double_Free__malloc_free_char_41__O2__good,0
CWE415_Double_Free__malloc_free_char_42__O0__bad,1
CWE415_Double_Free__malloc_free_char_42__O0__good,0
CWE415_Double_Free__malloc_free_char_42__O2__bad,1
CWE415_Double_Free__malloc_free_char_42__O2__good,0
CWE415_Double_Free__malloc_free_char_44__O0__bad,1
CWE415_Double_Free__malloc_free_char_44__O0__good,0
CWE415_Double_Free__malloc_free_char_44__O2__bad,1
CWE415_Double_Free__malloc_free_char_44__O2__good,0
CWE416_Use_After_Free__malloc_free_char_01__O0__bad,1
CWE416_Use_After_Free__malloc_free_char_01__O0__good,0
CWE416_Use_After_Free__malloc_free_char_01__O2__bad,1
CWE416_Use_After_Free__malloc_free_char_01__O2__good,0
CWE416_Use_After_Free__malloc_free_char_02__O0__bad,1
CWE416_Use_After_Free__malloc_free_char_02__O0__good,0
CWE416_Use_After_Free__malloc_free_char_02__O2__bad,1
CWE416_Use_After_Free__malloc_free_char_02__O2__good,0
CWE416_Use_After_Free__malloc_free_char_03__O0__bad,1
CWE416_Use_After_Free__malloc_free_char_03__O0__good,0
CWE416_Use_After_Free__malloc_free_char_03__O2__bad,1
CWE416_Use_After_Free__malloc_free_char_03__O2__good,0
CWE416_Use_After_Free__malloc_free_char_04__O0__bad,1
CWE416_Use_After_Free__malloc_free_char_04__O0__good,0
CWE416_Use_After_Free__malloc_free_char_04__O2__bad,1
CWE416_Use_After_Free__malloc_free_char_04__O2__good,0
CWE416_Use_After_Free__malloc_free_char_05__O0__bad,1
CWE416_Use_After_Free__malloc_free_char_05__O0__good,0
CWE416_Use_After_Free__malloc_free_char_05__O2__bad,1
CWE416_Use_After_Free__malloc_free_char_05__O2__good,0
CWE416_Use_After_Free__malloc_free_char_06__O0__bad,1
CWE416_Use_After_Free__malloc_free_char_06__O0__good,0
CWE416_Use_After_Free__malloc_free_char_06__O2__bad,1
CWE416_Use_After_Free__malloc_free_char_06__O2__good,0
CWE416_Use_After_Free__malloc_free_char_07__O0__bad,1
CWE416_Use_After_Free__malloc_free_char_07__O0__good,0
CWE416_Use_After_Free__malloc_free_char_07__O2__bad,1
CWE416_Use_After_Free__malloc_free_char_07__O2__good,0
CWE416_Use_After_Free__malloc_free_char_08__O0__bad,1
CWE416_Use_After_Free__malloc_free_char_08__O0__good,0
CWE416_Use_After_Free__malloc_free_char_08__O2__bad,1
CWE416_Use_After_Free__malloc_free_char_08__O2__good,0
CWE416_Use_After_Free__malloc_free_char_09__O0__bad,1
CWE416_Use_After_Free__malloc_free_char_09__O0__good,0
CWE416_Use_After_Free__malloc_free_char_09__O2__bad,1
CWE416_Use_After_Free__malloc_free_char_09__O2__good,0
CWE416_Use_After_Free__malloc_free_char_10__O0__bad,1
CWE416_Use_After_Free__malloc_free_char_10__O0__good,0
CWE416_Use_After_Free__malloc_free_char_10__O2__bad,1
CWE416_Use_After_Free__malloc_free_char_10__O2__good,0
CWE416_Use_After_Free__malloc_free_char_11__O0__bad,1
CWE416_Use_After_Free__malloc_free_char_11__O0__good,0
CWE416_Use_After_Free__malloc_free_char_11__O2__bad,1
CWE416_Use_After_Free__malloc_free_char_11__O2__good,0
CWE416_Use_After_Free__malloc_free_char_12__O0__bad,1
CWE416_Use_After_Free__malloc_free_char_12__O0__good,0
CWE416_Use_After_Free__malloc_free_char_12__O2__bad,1
CWE416_Use_After_Free__malloc_free_char_12__O2__good,0
CWE416_Use_After_Free__malloc_free_char_13__O0__bad,1
CWE416_Use_After_Free__malloc_free_char_13__O0__good,0
CWE416_Use_After_Free__malloc_free_char_13__O2__bad,1
CWE416_Use_After_Free__malloc_free_char_13__O2__good,0
CWE416_Use_After_Free__malloc_free_char_14__O0__bad,1
CWE416_Use_After_Free__malloc_free_char_14__O0__good,0
CWE416_Use_After_Free__malloc_free_char_14__O2__bad,1
CWE416_Use_After_Free__malloc_free_char_14__O2__good,0
CWE416_Use_After_Free__malloc_free_char_15__O0__bad,1
CWE416_Use_After_Free__malloc_free_char_15__O0__good,0
CWE416_Use_After_Free__malloc_free_char_15__O2__bad,1
CWE416_Use_After_Free__malloc_free_char_15__O2__good,0
CWE416_Use_After_Free__malloc_free_char_16__O0__bad,1
CWE416_Use_After_Free__malloc_free_char_16__O0__good,0
CWE416_Use_After_Free__malloc_free_char_16__O2__bad,1
CWE416_Use_After_Free__malloc_free_char_16__O2__good,0
CWE416_Use_After_Free__malloc_free_char_17__O0__bad,1
CWE416_Use_After_Free__malloc_free_char_17__O0__good,0
CWE416_Use_After_Free__malloc_free_char_17__O2__bad,1
CWE416_Use_After_Free__malloc_free_char_17__O2__good,0
CWE416_Use_After_Free__malloc_free_char_18__O0__bad,1
CWE416_Use_After_Free__malloc_free_char_18__O0__good,0
CWE416_Use_After_Free__malloc_free_char_18__O2__bad,1
CWE416_Use_After_Free__malloc_free_char_18__O2__good,0
CWE416_Use_After_Free__malloc_free_int64_t_01__O0__bad,1
CWE416_Use_After_Free__malloc_free_int64_t_01__O0__good,0
CWE416_Use_After_Free__malloc_free_int64_t_01__O2__bad,1
CWE416_Use_After_Free__malloc_free_int64_t_01__O2__good,0
CWE416_Use_After_Free__malloc_free_int64_t_02__O0__bad,1
CWE416_Use_After_Free__malloc_free_int64_t_02__O0__good,0
CWE416_Use_After_Free__malloc_free_int64_t_02__O2__bad,1
CWE416_Use_After_Free__malloc_free_int64_t_02__O2__good,0
CWE416_Use_After_Free__malloc_free_int64_t_03__O0__bad,1
CWE416_Use_After_Free__malloc_free_int64_t_03__O0__good,0
CWE416_Use_After_Free__malloc_free_int64_t_03__O2__bad,1
CWE416_Use_After_Free__malloc_free_int64_t_03__O2__good,0
CWE416_Use_After_Free__malloc_free_int64_t_04__O0__bad,1
CWE416_Use_After_Free__malloc_free_int64_t_04__O0__good,0
CWE416_Use_After_Free__malloc_free_int64_t_04__O2__bad,1
CWE416_Use_After_Free__malloc_free_int64_t_04__O2__good,0
CWE416_Use_After_Free__malloc_free_int64_t_05__O0__bad,1
CWE416_Use_After_Free__malloc_free_int64_t_05__O0__good,0
CWE416_Use_After_Free__malloc_free_int64_t_05__O2__bad,1
CWE416_Use_After_Free__malloc_free_int64_t_05__O2__good,0
CWE416_Use_After_Free__malloc_free_int64_t_06__O0__bad,1
CWE416_Use_After_Free__malloc_free_int64_t_06__O0__good,0
CWE416_Use_After_Free__malloc_free_int64_t_06__O2__bad,1
CWE416_Use_After_Free__malloc_free_int64_t_06__O2__good,0
CWE416_Use_After_Free__malloc_free_int64_t_07__O0__bad,1
CWE416_Use_After_Free__malloc_free_int64_t_07__O0__good,0
CWE416_Use_After_Free__malloc_free_int64_t_07__O2__bad,1
CWE416_Use_After_Free__malloc_free_int64_t_07__O2__good,0
CWE457_Use_of_Uninitialized_Variable__char_pointer_01__O0__bad,1
CWE457_Use_of_Uninitialized_Variable__char_pointer_01__O0__good,0
CWE457_Use_of_Uninitialized_Variable__char_pointer_01__O2__bad,1
CWE457_Use_of_Uninitialized_Variable__char_pointer_01__O2__good,0
CWE457_Use_of_Uninitialized_Variable__char_pointer_02__O0__bad,1
CWE457_Use_of_Uninitialized_Variable__char_pointer_02__O0__good,0
CWE457_Use_of_Uninitialized_Variable__char_pointer_02__O2__bad,1
CWE457_Use_of_Uninitialized_Variable__char_pointer_02__O2__good,0
CWE457_Use_of_Uninitialized_Variable__char_pointer_03__O0__bad,1
CWE457_Use_of_Uninitialized_Variable__char_pointer_03__O0__good,0
CWE457_Use_of_Uninitialized_Variable__char_pointer_03__O2__bad,1
CWE457_Use_of_Uninitialized_Variable__char_pointer_03__O2__good,0
CWE457_Use_of_Uninitialized_Variable__char_pointer_04__O0__bad,1
CWE457_Use_of_Uninitialized_Variable__char_pointer_04__O0__good,0
CWE457_Use_of_Uninitialized_Variable__char_pointer_04__O2__bad,1
CWE457_Use_of_Uninitialized_Variable__char_pointer_04__O2__good,0
CWE457_Use_of_Uninitialized_Variable__char_pointer_05__O0__bad,1
CWE457_Use_of_Uninitialized_Variable__char_pointer_05__O0__good,0
CWE457_Use_of_Uninitialized_Variable__char_pointer_05__O2__bad,1
CWE457_Use_of_Uninitialized_Variable__char_pointer_05__O2__good,0
CWE457_Use_of_Uninitialized_Variable__char_pointer_06__O0__bad,1
CWE457_Use_of_Uninitialized_Variable__char_pointer_06__O0__good,0
CWE457_Use_of_Uninitialized_Variable__char_pointer_06__O2__bad,1
CWE457_Use_of_Uninitialized_Variable__char_pointer_06__O2__good,0
CWE457_Use_of_Uninitialized_Variable__char_pointer_07__O0__bad,1
CWE457_Use_of_Uninitialized_Variable__char_pointer_07__O0__good,0
CWE457_Use_of_Uninitialized_Variable__char_pointer_07__O2__bad,1
CWE457_Use_of_Uninitialized_Variable__char_pointer_07__O2__good,0
CWE457_Use_of_Uninitialized_Variable__char_pointer_08__O0__bad,1
CWE457_Use_of_Uninitialized_Variable__char_pointer_08__O0__good,0
CWE457_Use_of_Uninitialized_Variable__char_pointer_08__O2__bad,1
CWE457_Use_of_Uninitialized_Variable__char_pointer_08__O2__good,0
CWE457_Use_of_Uninitialized_Variable__char_pointer_09__O0__bad,1
CWE457_Use_of_Uninitialized_Variable__char_pointer_09__O0__good,0
CWE457_Use_of_Uninitialized_Variable__char_pointer_09__O2__bad,1
CWE457_Use_of_Uninitialized_Variable__char_pointer_09__O2__good,0
CWE457_Use_of_Uninitialized_Variable__char_pointer_10__O0__bad,1
CWE457_Use_of_Uninitialized_Variable__char_pointer_10__O0__good,0
CWE457_Use_of_Uninitialized_Variable__char_pointer_10__O2__bad,1
CWE457_Use_of_Uninitialized_Variable__char_pointer_10__O2__good,0
CWE457_Use_of_Uninitialized_Variable__char_pointer_11__O0__bad,1
CWE457_Use_of_Uninitialized_Variable__char_pointer_11__O0__good,0
CWE457_Use_of_Uninitialized_Variable__char_pointer_11__O2__bad,1
CWE457_Use_of_Uninitialized_Variable__char_pointer_11__O2__good,0
CWE457_Use_of_Uninitialized_Variable__char_pointer_12__O0__bad,1
CWE457_Use_of_Uninitialized_Variable__char_pointer_12__O0__good,0
CWE457_Use_of_Uninitialized_Variable__char_pointer_12__O2__bad,1
CWE457_Use_of_Uninitialized_Variable__char_pointer_12__O2__good,0
CWE457_Use_of_Uninitialized_Variable__char_pointer_13__O0__bad,1
CWE457_Use_of_Uninitialized_Variable__char_pointer_13__O0__good,0
CWE457_Use_of_Uninitialized_Variable__char_pointer_13__O2__bad,1
CWE457_Use_of_Uninitialized_Variable__char_pointer_13__O2__good,0
CWE457_Use_of_Uninitialized_Variable__char_pointer_14__O0__bad,1
CWE457_Use_of_Uninitialized_Variable__char_pointer_14__O0__good,0
CWE457_Use_of_Uninitialized_Variable__char_pointer_14__O2__bad,1
CWE457_Use_of_Uninitialized_Variable__char_pointer_14__O2__good,0
CWE457_Use_of_Uninitialized_Variable__char_pointer_15__O0__bad,1
CWE457_Use_of_Uninitialized_Variable__char_pointer_15__O0__good,0
CWE457_Use_of_Uninitialized_Variable__char_pointer_15__O2__bad,1
CWE457_Use_of_Uninitialized_Variable__char_pointer_15__O2__good,0
CWE457_Use_of_Uninitialized_Variable__char_pointer_16__O0__bad,1
CWE457_Use_of_Uninitialized_Variable__char_pointer_16__O0__good,0
CWE457_Use_of_Uninitialized_Variable__char_pointer_16__O2__bad,1
CWE457_Use_of_Uninitialized_Variable__char_pointer_16__O2__good,0
CWE457_Use_of_Uninitialized_Variable__char_pointer_17__O0__bad,1
CWE457_Use_of_Uninitialized_Variable__char_pointer_17__O0__good,0
CWE457_Use_of_Uninitialized_Variable__char_pointer_17__O2__bad,1
CWE457_Use_of_Uninitialized_Variable__char_pointer_17__O2__good,0
CWE457_Use_of_Uninitialized_Variable__char_pointer_18__O0__bad,1
CWE457_Use_of_Uninitialized_Variable__char_pointer_18__O0__good,0
CWE457_Use_of_Uninitialized_Variable__char_pointer_18__O2__bad,1
CWE457_Use_of_Uninitialized_Variable__char_pointer_18__O2__good,0
CWE457_Use_of_Uninitialized_Variable__double_01__O0__bad,1
CWE457_Use_of_Uninitialized_Variable__double_01__O0__good,0
CWE457_Use_of_Uninitialized_Variable__double_01__O2__bad,1
CWE457_Use_of_Uninitialized_Variable__double_01__O2__good,0
CWE457_Use_of_Uninitialized_Variable__double_02__O0__bad,1
CWE457_Use_of_Uninitialized_Variable__double_02__O0__good,0
CWE457_Use_of_Uninitialized_Variable__double_02__O2__bad,1
CWE457_Use_of_Uninitialized_Variable__double_02__O2__good,0
CWE457_Use_of_Uninitialized_Variable__double_03__O0__bad,1
CWE457_Use_of_Uninitialized_Variable__double_03__O0__good,0
CWE457_Use_of_Uninitialized_Variable__double_03__O2__bad,1
CWE457_Use_of_Uninitialized_Variable__double_03__O2__good,0
CWE457_Use_of_Uninitialized_Variable__double_04__O0__bad,1
CWE457_Use_of_Uninitialized_Variable__double_04__O0__good,0
CWE457_Use_of_Uninitialized_Variable__double_04__O2__bad,1
CWE457_Use_of_Uninitialized_Variable__double_04__O2__good,0
CWE457_Use_of_Uninitialized_Variable__double_05__O0__bad,1
CWE457_Use_of_Uninitialized_Variable__double_05__O0__good,0
CWE457_Use_of_Uninitialized_Variable__double_05__O2__bad,1
CWE457_Use_of_Uninitialized_Variable__double_05__O2__good,0
CWE457_Use_of_Uninitialized_Variable__double_06__O0__bad,1
CWE457_Use_of_Uninitialized_Variable__double_06__O0__good,0
CWE457_Use_of_Uninitialized_Variable__double_06__O2__bad,1
CWE457_Use_of_Uninitialized_Variable__double_06__O2__good,0
CWE457_Use_of_Uninitialized_Variable__double_07__O0__bad,1
CWE457_Use_of_Uninitialized_Variable__double_07__O0__good,0
CWE457_Use_of_Uninitialized_Variable__double_07__O2__bad,1
CWE457_Use_of_Uninitialized_Variable__double_07__O2__good,0
CWE476_NULL_Pointer_Dereference__binary_if_01__O0__bad,1
CWE476_NULL_Pointer_Dereference__binary_if_01__O0__good,0
CWE476_NULL_Pointer_Dereference__binary_if_01__O2__bad,1
CWE476_NULL_Pointer_Dereference__binary_if_01__O2__good,0
CWE476_NULL_Pointer_Dereference__binary_if_02__O0__bad,1
CWE476_NULL_Pointer_Dereference__binary_if_02__O0__good,0
CWE476_NULL_Pointer_Dereference__binary_if_02__O2__bad,1
CWE476_NULL_Pointer_Dereference__binary_if_02__O2__good,0
CWE476_NULL_Pointer_Dereference__binary_if_03__O0__bad,1
CWE476_NULL_Pointer_Dereference__binary_if_03__O0__good,0
CWE476_NULL_Pointer_Dereference__binary_if_03__O2__bad,1
CWE476_NULL_Pointer_Dereference__binary_if_03__O2__good,0
CWE476_NULL_Pointer_Dereference__binary_if_04__O0__bad,1
CWE476_NULL_Pointer_Dereference__binary_if_04__O0__good,0
CWE476_NULL_Pointer_Dereference__binary_if_04__O2__bad,1
CWE476_NULL_Pointer_Dereference__binary_if_04__O2__good,0
CWE476_NULL_Pointer_Dereference__binary_if_05__O0__bad,1
CWE476_NULL_Pointer_Dereference__binary_if_05__O0__good,0
CWE476_NULL_Pointer_Dereference__binary_if_05__O2__bad,1
CWE476_NULL_Pointer_Dereference__binary_if_05__O2__good,0
CWE476_NULL_Pointer_Dereference__binary_if_06__O0__bad,1
CWE476_NULL_Pointer_Dereference__binary_if_06__O0__good,0
CWE476_NULL_Pointer_Dereference__binary_if_06__O2__bad,1
CWE476_NULL_Pointer_Dereference__binary_if_06__O2__good,0
CWE476_NULL_Pointer_Dereference__binary_if_07__O0__bad,1
CWE476_NULL_Pointer_Dereference__binary_if_07__O0__good,0
CWE476_NULL_Pointer_Dereference__binary_if_07__O2__bad,1
CWE476_NULL_Pointer_Dereference__binary_if_07__O2__good,0
CWE476_NULL_Pointer_Dereference__binary_if_08__O0__bad,1
CWE476_NULL_Pointer_Dereference__binary_if_08__O0__good,0
CWE476_NULL_Pointer_Dereference__binary_if_08__O2__bad,1
CWE476_NULL_Pointer_Dereference__binary_if_08__O2__good,0
CWE476_NULL_Pointer_Dereference__binary_if_09__O0__bad,1
CWE476_NULL_Pointer_Dereference__binary_if_09__O0__good,0
CWE476_NULL_Pointer_Dereference__binary_if_09__O2__bad,1
CWE476_NULL_Pointer_Dereference__binary_if_09__O2__good,0
CWE476_NULL_Pointer_Dereference__binary_if_10__O0__bad,1
CWE476_NULL_Pointer_Dereference__binary_if_10__O0__good,0
CWE476_NULL_Pointer_Dereference__binary_if_10__O2__bad,1
CWE476_NULL_Pointer_Dereference__binary_if_10__O2__good,0
CWE476_NULL_Pointer_Dereference__binary_if_11__O0__bad,1
CWE476_NULL_Pointer_Dereference__binary_if_11__O0__good,0
CWE476_NULL_Pointer_Dereference__binary_if_11__O2__bad,1
CWE476_NULL_Pointer_Dereference__binary_if_11__O2__good,0
CWE476_NULL_Pointer_Dereference__binary_if_12__O0__bad,1
CWE476_NULL_Pointer_Dereference__binary_if_12__O0__good,0
CWE476_NULL_Pointer_Dereference__binary_if_12__O2__bad,1
CWE476_NULL_Pointer_Dereference__binary_if_12__O2__good,0
CWE476_NULL_Pointer_Dereference__binary_if_13__O0__bad,1
CWE476_NULL_Pointer_Dereference__binary_if_13__O0__good,0
CWE476_NULL_Pointer_Dereference__binary_if_13__O2__bad,1
CWE476_NULL_Pointer_Dereference__binary_if_13__O2__good,0
CWE476_NULL_Pointer_Dereference__binary_if_14__O0__bad,1
CWE476_NULL_Pointer_Dereference__binary_if_14__O0__good,0
CWE476_NULL_Pointer_Dereference__binary_if_14__O2__bad,1
CWE476_NULL_Pointer_Dereference__binary_if_14__O2__good,0
CWE476_NULL_Pointer_Dereference__binary_if_15__O0__bad,1
CWE476_NULL_Pointer_Dereference__binary_if_15__O0__good,0
CWE476_NULL_Pointer_Dereference__binary_if_15__O2__bad,1
CWE476_NULL_Pointer_Dereference__binary_if_15__O2__good,0
CWE476_NULL_Pointer_Dereference__binary_if_16__O0__bad,1
CWE476_NULL_Pointer_Dereference__binary_if_16__O0__good,0
CWE476_NULL_Pointer_Dereference__binary_if_16__O2__bad,1
CWE476_NULL_Pointer_Dereference__binary_if_16__O2__good,0
CWE476_NULL_Pointer_Dereference__binary_if_17__O0__bad,1
CWE476_NULL_Pointer_Dereference__binary_if_17__O0__good,0
CWE476_NULL_Pointer_Dereference__binary_if_17__O2__bad,1
CWE476_NULL_Pointer_Dereference__binary_if_17__O2__good,0
CWE476_NULL_Pointer_Dereference__binary_if_18__O0__bad,1
CWE476_NULL_Pointer_Dereference__binary_if_18__O0__good,0
CWE476_NULL_Pointer_Dereference__binary_if_18__O2__bad,1
CWE476_NULL_Pointer_Dereference__binary_if_18__O2__good,0
CWE476_NULL_Pointer_Dereference__char_01__O0__bad,1
CWE476_NULL_Pointer_Dereference__char_01__O0__good,0
CWE476_NULL_Pointer_Dereference__char_01__O2__bad,1
CWE476_NULL_Pointer_Dereference__char_01__O2__good,0
CWE476_NULL_Pointer_Dereference__char_02__O0__bad,1
CWE476_NULL_Pointer_Dereference__char_02__O0__good,0
CWE476_NULL_Pointer_Dereference__char_02__O2__bad,1
CWE476_NULL_Pointer_Dereference__char_02__O2__good,0
CWE476_NULL_Pointer_Dereference__char_03__O0__bad,1
CWE476_NULL_Pointer_Dereference__char_03__O0__good,0
CWE476_NULL_Pointer_Dereference__char_03__O2__bad,1
CWE476_NULL_Pointer_Dereference__char_03__O2__good,0
CWE476_NULL_Pointer_Dereference__char_04__O0__bad,1
CWE476_NULL_Pointer_Dereference__char_04__O0__good,0
CWE476_NULL_Pointer_Dereference__char_04__O2__bad,1
CWE476_NULL_Pointer_Dereference__char_04__O2__good,0
CWE476_NULL_Pointer_Dereference__char_05__O0__bad,1
CWE476_NULL_Pointer_Dereference__char_05__O0__good,0
CWE476_NULL_Pointer_Dereference__char_05__O2__bad,1
CWE476_NULL_Pointer_Dereference__char_05__O2__good,0
CWE476_NULL_Pointer_Dereference__char_06__O0__bad,1
CWE476_NULL_Pointer_Dereference__char_06__O0__good,0
CWE476_NULL_Pointer_Dereference__char_06__O2__bad,1
CWE476_NULL_Pointer_Dereference__char_06__O2__good,0
CWE476_NULL_Pointer_Dereference__char_07__O0__bad,1
CWE476_NULL_Pointer_Dereference__char_07__O0__good,0
CWE476_NULL_Pointer_Dereference__char_07__O2__bad,1
CWE476_NULL_Pointer_Dereference__char_07__O2__good,0
CWE690_NULL_Deref_From_Return__char_calloc_01__O0__bad,1
CWE690_NULL_Deref_From_Return__char_calloc_01__O0__good,0
CWE690_NULL_Deref_From_Return__char_calloc_01__O2__bad,1
CWE690_NULL_Deref_From_Return__char_calloc_01__O2__good,0
CWE690_NULL_Deref_From_Return__char_calloc_02__O0__bad,1
CWE690_NULL_Deref_From_Return__char_calloc_02__O0__good,0
CWE690_NULL_Deref_From_Return__char_calloc_02__O2__bad,1
CWE690_NULL_Deref_From_Return__char_calloc_02__O2__good,0
CWE690_NULL_Deref_From_Return__char_calloc_03__O0__bad,1
CWE690_NULL_Deref_From_Return__char_calloc_03__O0__good,0
CWE690_NULL_Deref_From_Return__char_calloc_03__O2__bad,1
CWE690_NULL_Deref_From_Return__char_calloc_03__O2__good,0
CWE690_NULL_Deref_From_Return__char_calloc_04__O0__bad,1
CWE690_NULL_Deref_From_Return__char_calloc_04__O0__good,0
CWE690_NULL_Deref_From_Return__char_calloc_04__O2__bad,1
CWE690_NULL_Deref_From_Return__char_calloc_04__O2__good,0
CWE690_NULL_Deref_From_Return__char_calloc_05__O0__bad,1
CWE690_NULL_Deref_From_Return__char_calloc_05__O0__good,0
CWE690_NULL_Deref_From_Return__char_calloc_05__O2__bad,1
CWE690_NULL_Deref_From_Return__char_calloc_05__O2__good,0
CWE690_NULL_Deref_From_Return__char_calloc_06__O0__bad,1
CWE690_NULL_Deref_From_Return__char_calloc_06__O0__good,0
CWE690_NULL_Deref_From_Return__char_calloc_06__O2__bad,1
CWE690_NULL_Deref_From_Return__char_calloc_06__O2__good,0
CWE690_NULL_Deref_From_Return__char_calloc_07__O0__bad,1
CWE690_NULL_Deref_From_Return__char_calloc_07__O0__good,0
CWE690_NULL_Deref_From_Return__char_calloc_07__O2__bad,1
CWE690_NULL_Deref_From_Return__char_calloc_07__O2__good,0
CWE690_NULL_Deref_From_Return__char_calloc_08__O0__bad,1
CWE690_NULL_Deref_From_Return__char_calloc_08__O0__good,0
CWE690_NULL_Deref_From_Return__char_calloc_08__O2__bad,1
CWE690_NULL_Deref_From_Return__char_calloc_08__O2__good,0
CWE690_NULL_Deref_From_Return__char_calloc_09__O0__bad,1
CWE690_NULL_Deref_From_Return__char_calloc_09__O0__good,0
CWE690_NULL_Deref_From_Return__char_calloc_09__O2__bad,1
CWE690_NULL_Deref_From_Return__char_calloc_09__O2__good,0
CWE690_NULL_Deref_From_Return__char_calloc_10__O0__bad,1
CWE690_NULL_Deref_From_Return__char_calloc_10__O0__good,0
CWE690_NULL_Deref_From_Return__char_calloc_10__O2__bad,1
CWE690_NULL_Deref_From_Return__char_calloc_10__O2__good,0
CWE690_NULL_Deref_From_Return__char_calloc_11__O0__bad,1
CWE690_NULL_Deref_From_Return__char_calloc_11__O0__good,0
CWE690_NULL_Deref_From_Return__char_calloc_11__O2__bad,1
CWE690_NULL_Deref_From_Return__char_calloc_11__O2__good,0
CWE690_NULL_Deref_From_Return__char_calloc_12__O0__bad,1
CWE690_NULL_Deref_From_Return__char_calloc_12__O0__good,0
CWE690_NULL_Deref_From_Return__char_calloc_12__O2__bad,1
CWE690_NULL_Deref_From_Return__char_calloc_12__O2__good,0
CWE690_NULL_Deref_From_Return__char_calloc_13__O0__bad,1
CWE690_NULL_Deref_From_Return__char_calloc_13__O0__good,0
CWE690_NULL_Deref_From_Return__char_calloc_13__O2__bad,1
CWE690_NULL_Deref_From_Return__char_calloc_13__O2__good,0
CWE690_NULL_Deref_From_Return__char_calloc_14__O0__bad,1
CWE690_NULL_Deref_From_Return__char_calloc_14__O0__good,0
CWE690_NULL_Deref_From_Return__char_calloc_14__O2__bad,1
CWE690_NULL_Deref_From_Return__char_calloc_14__O2__good,0
CWE690_NULL_Deref_From_Return__char_calloc_15__O0__bad,1
CWE690_NULL_Deref_From_Return__char_calloc_15__O0__good,0
CWE690_NULL_Deref_From_Return__char_calloc_15__O2__bad,1
CWE690_NULL_Deref_From_Return__char_calloc_15__O2__good,0
CWE690_NULL_Deref_From_Return__char_calloc_16__O0__bad,1
CWE690_NULL_Deref_From_Return__char_calloc_16__O0__good,0
CWE690_NULL_Deref_From_Return__char_calloc_16__O2__bad,1
CWE690_NULL_Deref_From_Return__char_calloc_16__O2__good,0
CWE690_NULL_Deref_From_Return__char_calloc_17__O0__bad,1
CWE690_NULL_Deref_From_Return__char_calloc_17__O0__good,0
CWE690_NULL_Deref_From_Return__char_calloc_17__O2__bad,1
CWE690_NULL_Deref_From_Return__char_calloc_17__O2__good,0
CWE690_NULL_Deref_From_Return__char_calloc_18__O0__bad,1
CWE690_NULL_Deref_From_Return__char_calloc_18__O0__good,0
CWE690_NULL_Deref_From_Return__char_calloc_18__O2__bad,1
CWE690_NULL_Deref_From_Return__char_calloc_18__O2__good,0
CWE690_NULL_Deref_From_Return__char_calloc_21__O0__bad,1
CWE690_NULL_Deref_From_Return__char_calloc_21__O0__good,0
CWE690_NULL_Deref_From_Return__char_calloc_21__O2__bad,1
CWE690_NULL_Deref_From_Return__char_calloc_21__O2__good,0
CWE690_NULL_Deref_From_Return__char_calloc_31__O0__bad,1
CWE690_NULL_Deref_From_Return__char_calloc_31__O0__good,0
CWE690_NULL_Deref_From_Return__char_calloc_31__O2__bad,1
CWE690_NULL_Deref_From_Return__char_calloc_31__O2__good,0
CWE690_NULL_Deref_From_Return__char_calloc_32__O0__bad,1
CWE690_NULL_Deref_From_Return__char_calloc_32__O0__good,0
CWE690_NULL_Deref_From_Return__char_calloc_32__O2__bad,1
CWE690_NULL_Deref_From_Return__char_calloc_32__O2__good,0
CWE690_NULL_Deref_From_Return__char_calloc_34__O0__bad,1
CWE690_NULL_Deref_From_Return__char_calloc_34__O0__good,0
CWE690_NULL_Deref_From_Return__char_calloc_34__O2__bad,1
CWE690_NULL_Deref_From_Return__char_calloc_34__O2__good,0
CWE690_NULL_Deref_From_Return__char_calloc_41__O0__bad,1
CWE690_NULL_Deref_From_Return__char_calloc_41__O0__good,0
CWE690_NULL_Deref_From_Return__char_calloc_41__O2__bad,1
CWE690_NULL_Deref_From_Return__char_calloc_41__O2__good,0
CWE690_NULL_Deref_From_Return__char_calloc_42__O0__bad,1
CWE690_NULL_Deref_From_Return__char_calloc_42__O0__good,0
CWE690_NULL_Deref_From_Return__char_calloc_42__O2__bad,1
CWE690_NULL_Deref_From_Return__char_calloc_42__O2__good,0
CWE690_NULL_Deref_From_Return__char_calloc_44__O0__bad,1
CWE690_NULL_Deref_From_Return__char_calloc_44__O0__good,0
CWE690_NULL_Deref_From_Return__char_calloc_44__O2__bad,1
CWE690_NULL_Deref_From_Return__char_calloc_44__O2__good,0
CWE78_OS_Command_Injection__char_connect_socket_execl_01__O0__bad,1
CWE78_OS_Command_Injection__char_connect_socket_execl_01__O0__good,0
CWE78_OS_Command_Injection__char_connect_socket_execl_01__O2__bad,1
CWE78_OS_Command_Injection__char_connect_socket_execl_01__O2__good,0
CWE78_OS_Command_Injection__char_connect_socket_execl_02__O0__bad,1
CWE78_OS_Command_Injection__char_connect_socket_execl_02__O0__good,0
CWE78_OS_Command_Injection__char_connect_socket_execl_02__O2__bad,1
CWE78_OS_Command_Injection__char_connect_socket_execl_02__O2__good,0
CWE78_OS_Command_Injection__char_connect_socket_execl_03__O0__bad,1
CWE78_OS_Command_Injection__char_connect_socket_execl_03__O0__good,0
CWE78_OS_Command_Injection__char_connect_socket_execl_03__O2__bad,1
CWE78_OS_Command_Injection__char_connect_socket_execl_03__O2__good,0
CWE78_OS_Command_Injection__char_connect_socket_execl_04__O0__bad,1
CWE78_OS_Command_Injection__char_connect_socket_execl_04__O0__good,0
CWE78_OS_Command_Injection__char_connect_socket_execl_04__O2__bad,1
CWE78_OS_Command_Injection__char_connect_socket_execl_04__O2__good,0
CWE78_OS_Command_Injection__char_connect_socket_execl_05__O0__bad,1
CWE78_OS_Command_Injection__char_connect_socket_execl_05__O0__good,0
CWE78_OS_Command_Injection__char_connect_socket_execl_05__O2__bad,1
CWE78_OS_Command_Injection__char_connect_socket_execl_05__O2__good,0
CWE78_OS_Command_Injection__char_connect_socket_execl_06__O0__bad,1
CWE78_OS_Command_Injection__char_connect_socket_execl_06__O0__good,0
CWE78_OS_Command_Injection__char_connect_socket_execl_06__O2__bad,1
CWE78_OS_Command_Injection__char_connect_socket_execl_06__O2__good,0
CWE78_OS_Command_Injection__char_connect_socket_execl_07__O0__bad,1
CWE78_OS_Command_Injection__char_connect_socket_execl_07__O0__good,0
CWE78_OS_Command_Injection__char_connect_socket_execl_07__O2__bad,1
CWE78_OS_Command_Injection__char_connect_socket_execl_07__O2__good,0
CWE78_OS_Command_Injection__char_connect_socket_execl_08__O0__bad,1
CWE78_OS_Command_Injection__char_connect_socket_execl_08__O0__good,0
CWE78_OS_Command_Injection__char_connect_socket_execl_08__O2__bad,1
CWE78_OS_Command_Injection__char_connect_socket_execl_08__O2__good,0
CWE78_OS_Command_Injection__char_connect_socket_execl_09__O0__bad,1
CWE78_OS_Command_Injection__char_connect_socket_execl_09__O0__good,0
CWE78_OS_Command_Injection__char_connect_socket_execl_09__O2__bad,1
CWE78_OS_Command_Injection__char_connect_socket_execl_09__O2__good,0
CWE78_OS_Command_Injection__char_connect_socket_execl_10__O0__bad,1
CWE78_OS_Command_Injection__char_connect_socket_execl_10__O0__good,0
CWE78_OS_Command_Injection__char_connect_socket_execl_10__O2__bad,1
CWE78_OS_Command_Injection__char_connect_socket_execl_10__O2__good,0
CWE78_OS_Command_Injection__char_connect_socket_execl_11__O0__bad,1
CWE78_OS_Command_Injection__char_connect_socket_execl_11__O0__good,0
CWE78_OS_Command_Injection__char_connect_socket_execl_11__O2__bad,1
CWE78_OS_Command_Injection__char_connect_socket_execl_11__O2__good,0
CWE78_OS_Command_Injection__char_connect_socket_execl_12__O0__bad,1
CWE78_OS_Command_Injection__char_connect_socket_execl_12__O0__good,0
CWE78_OS_Command_Injection__char_connect_socket_execl_12__O2__bad,1
CWE78_OS_Command_Injection__char_connect_socket_execl_12__O2__good,0
CWE78_OS_Command_Injection__char_connect_socket_execl_13__O0__bad,1
CWE78_OS_Command_Injection__char_connect_socket_execl_13__O0__good,0
CWE78_OS_Command_Injection__char_connect_socket_execl_13__O2__bad,1
CWE78_OS_Command_Injection__char_connect_socket_execl_13__O2__good,0
CWE78_OS_Command_Injection__char_connect_socket_execl_14__O0__bad,1
CWE78_OS_Command_Injection__char_connect_socket_execl_14__O0__good,0
CWE78_OS_Command_Injection__char_connect_socket_execl_14__O2__bad,1
CWE78_OS_Command_Injection__char_connect_socket_execl_14__O2__good,0
CWE78_OS_Command_Injection__char_connect_socket_execl_15__O0__bad,1
CWE78_OS_Command_Injection__char_connect_socket_execl_15__O0__good,0
CWE78_OS_Command_Injection__char_connect_socket_execl_15__O2__bad,1
CWE78_OS_Command_Injection__char_connect_socket_execl_15__O2__good,0
CWE78_OS_Command_Injection__char_connect_socket_execl_16__O0__bad,1
CWE78_OS_Command_Injection__char_connect_socket_execl_16__O0__good,0
CWE78_OS_Command_Injection__char_connect_socket_execl_16__O2__bad,1
CWE78_OS_Command_Injection__char_connect_socket_execl_16__O2__good,0
CWE78_OS_Command_Injection__char_connect_socket_execl_17__O0__bad,1
CWE78_OS_Command_Injection__char_connect_socket_execl_17__O0__good,0
CWE78_OS_Command_Injection__char_connect_socket_execl_17__O2__bad,1
CWE78_OS_Command_Injection__char_connect_socket_execl_17__O2__good,0
CWE78_OS_Command_Injection__char_connect_socket_execl_18__O0__bad,1
CWE78_OS_Command_Injection__char_connect_socket_execl_18__O0__good,0
CWE78_OS_Command_Injection__char_connect_socket_execl_18__O2__bad,1
CWE78_OS_Command_Injection__char_connect_socket_execl_18__O2__good,0
CWE78_OS_Command_Injection__char_connect_socket_execl_21__O0__bad,1
CWE78_OS_Command_Injection__char_connect_socket_execl_21__O0__good,0
CWE78_OS_Command_Injection__char_connect_socket_execl_21__O2__bad,1
CWE78_OS_Command_Injection__char_connect_socket_execl_21__O2__good,0
CWE78_OS_Command_Injection__char_connect_socket_execl_31__O0__bad,1
CWE78_OS_Command_Injection__char_connect_socket_execl_31__O0__good,0
CWE78_OS_Command_Injection__char_connect_socket_execl_31__O2__bad,1
CWE78_OS_Command_Injection__char_connect_socket_execl_31__O2__good,0
CWE78_OS_Command_Injection__char_connect_socket_execl_32__O0__bad,1
CWE78_OS_Command_Injection__char_connect_socket_execl_32__O0__good,0
CWE78_OS_Command_Injection__char_connect_socket_execl_32__O2__bad,1
CWE78_OS_Command_Injection__char_connect_socket_execl_32__O2__good,0
CWE78_OS_Command_Injection__char_connect_socket_execl_34__O0__bad,1
CWE78_OS_Command_Injection__char_connect_socket_execl_34__O0__good,0
CWE78_OS_Command_Injection__char_connect_socket_execl_34__O2__bad,1
CWE78_OS_Command_Injection__char_connect_socket_execl_34__O2__good,0
CWE78_OS_Command_Injection__char_connect_socket_execl_41__O0__bad,1
CWE78_OS_Command_Injection__char_connect_socket_execl_41__O0__good,0
CWE78_OS_Command_Injection__char_connect_socket_execl_41__O2__bad,1
CWE78_OS_Command_Injection__char_connect_socket_execl_41__O2__good,0
CWE78_OS_Command_Injection__char_connect_socket_execl_42__O0__bad,1
CWE78_OS_Command_Injection__char_connect_socket_execl_42__O0__good,0
CWE78_OS_Command_Injection__char_connect_socket_execl_42__O2__bad,1
CWE78_OS_Command_Injection__char_connect_socket_execl_42__O2__good,0
CWE78_OS_Command_Injection__char_connect_socket_execl_44__O0__bad,1
CWE78_OS_Command_Injection__char_connect_socket_execl_44__O0__good,0
CWE78_OS_Command_Injection__char_connect_socket_execl_44__O2__bad,1
CWE78_OS_Command_Injection__char_connect_socket_execl_44__O2__good,0
