filename,label
stack_overflow_vuln_0_x86_O0,1
stack_overflow_vuln_0_x86_O1,1
stack_overflow_vuln_0_x86_O2,1
stack_overflow_vuln_0_x86_O3,1
stack_overflow_vuln_1_x86_O0,1
stack_overflow_vuln_1_x86_O1,1
stack_overflow_vuln_1_x86_O2,1
stack_overflow_vuln_1_x86_O3,1
stack_overflow_vuln_2_x86_O0,1
stack_overflow_vuln_2_x86_O1,1
stack_overflow_vuln_2_x86_O2,1
stack_overflow_vuln_2_x86_O3,1
stack_overflow_vuln_3_x86_O0,1
stack_overflow_vuln_3_x86_O1,1
stack_overflow_vuln_3_x86_O2,1
stack_overflow_vuln_3_x86_O3,1
stack_overflow_vuln_4_x86_O0,1
stack_overflow_vuln_4_x86_O1,1
stack_overflow_vuln_4_x86_O2,1
stack_overflow_vuln_4_x86_O3,1
stack_overflow_vuln_5_x86_O0,1
stack_overflow_vuln_5_x86_O1,1
stack_overflow_vuln_5_x86_O2,1
stack_overflow_vuln_5_x86_O3,1
stack_overflow_vuln_6_x86_O0,1
stack_overflow_vuln_6_x86_O1,1
stack_overflow_vuln_6_x86_O2,1
stack_overflow_vuln_6_x86_O3,1
stack_overflow_vuln_7_x86_O0,1
stack_overflow_vuln_7_x86_O1,1
stack_overflow_vuln_7_x86_O2,1
stack_overflow_vuln_7_x86_O3,1
stack_overflow_vuln_8_x86_O0,1
stack_overflow_vuln_8_x86_O1,1
stack_overflow_vuln_8_x86_O2,1
stack_overflow_vuln_8_x86_O3,1
stack_overflow_vuln_9_x86_O0,1
stack_overflow_vuln_9_x86_O1,1
stack_overflow_vuln_9_x86_O2,1
stack_overflow_vuln_9_x86_O3,1
stack_safe_0_x86_O0,0
stack_safe_0_x86_O1,0
stack_safe_0_x86_O2,0
stack_safe_0_x86_O3,0
stack_safe_1_x86_O0,0
stack_safe_1_x86_O1,0
stack_safe_1_x86_O2,0
stack_safe_1_x86_O3,0
stack_safe_2_x86_O0,0
stack_safe_2_x86_O1,0
stack_safe_2_x86_O2,0
stack_safe_2_x86_O3,0
stack_safe_3_x86_O0,0
stack_safe_3_x86_O1,0
stack_safe_3_x86_O2,0
stack_safe_3_x86_O3,0
stack_safe_4_x86_O0,0
stack_safe_4_x86_O1,0
stack_safe_4_x86_O2,0
stack_safe_4_x86_O3,0
stack_safe_5_x86_O0,0
stack_safe_5_x86_O1,0
stack_safe_5_x86_O2,0
stack_safe_5_x86_O3,0
stack_safe_6_x86_O0,0
stack_safe_6_x86_O1,0
stack_safe_6_x86_O2,0
stack_safe_6_x86_O3,0
stack_safe_7_x86_O0,0
stack_safe_7_x86_O1,0
stack_safe_7_x86_O2,0
stack_safe_7_x86_O3,0
stack_safe_8_x86_O0,0
stack_safe_8_x86_O1,0
stack_safe_8_x86_O2,0
stack_safe_8_x86_O3,0
stack_safe_9_x86_O0,0
stack_safe_9_x86_O1,0
stack_safe_9_x86_O2,0
stack_safe_9_x86_O3,0
heap_overflow_vuln_0_x86_O0,1
heap_overflow_vuln_0_x86_O1,1
heap_overflow_vuln_0_x86_O2,1
heap_overflow_vuln_0_x86_O3,1
heap_overflow_vuln_1_x86_O0,1
heap_overflow_vuln_1_x86_O1,1
heap_overflow_vuln_1_x86_O2,1
heap_overflow_vuln_1_x86_O3,1
heap_overflow_vuln_2_x86_O0,1
heap_overflow_vuln_2_x86_O1,1
heap_overflow_vuln_2_x86_O2,1
heap_overflow_vuln_2_x86_O3,1
heap_overflow_vuln_3_x86_O0,1
heap_overflow_vuln_3_x86_O1,1
heap_overflow_vuln_3_x86_O2,1
heap_overflow_vuln_3_x86_O3,1
heap_overflow_vuln_4_x86_O0,1
heap_overflow_vuln_4_x86_O1,1
heap_overflow_vuln_4_x86_O2,1
heap_overflow_vuln_4_x86_O3,1
heap_overflow_vuln_5_x86_O0,1
heap_overflow_vuln_5_x86_O1,1
heap_overflow_vuln_5_x86_O2,1
heap_overflow_vuln_5_x86_O3,1
heap_overflow_vuln_6_x86_O0,1
heap_overflow_vuln_6_x86_O1,1
heap_overflow_vuln_6_x86_O2,1
heap_overflow_vuln_6_x86_O3,1
heap_overflow_vuln_7_x86_O0,1
heap_overflow_vuln_7_x86_O1,1
heap_overflow_vuln_7_x86_O2,1
heap_overflow_vuln_7_x86_O3,1
heap_overflow_vuln_8_x86_O0,1
heap_overflow_vuln_8_x86_O1,1
heap_overflow_vuln_8_x86_O2,1
heap_overflow_vuln_8_x86_O3,1
heap_overflow_vuln_9_x86_O0,1
heap_overflow_vuln_9_x86_O1,1
heap_overflow_vuln_9_x86_O2,1
heap_overflow_vuln_9_x86_O3,1
heap_safe_0_x86_O0,0
heap_safe_0_x86_O1,0
heap_safe_0_x86_O2,0
heap_safe_0_x86_O3,0
heap_safe_1_x86_O0,0
heap_safe_1_x86_O1,0
heap_safe_1_x86_O2,0
heap_safe_1_x86_O3,0
heap_safe_2_x86_O0,0
heap_safe_2_x86_O1,0
heap_safe_2_x86_O2,0
heap_safe_2_x86_O3,0
heap_safe_3_x86_O0,0
heap_safe_3_x86_O1,0
heap_safe_3_x86_O2,0
heap_safe_3_x86_O3,0
heap_safe_4_x86_O0,0
heap_safe_4_x86_O1,0
heap_safe_4_x86_O2,0
heap_safe_4_x86_O3,0
heap_safe_5_x86_O0,0
heap_safe_5_x86_O1,0
heap_safe_5_x86_O2,0
heap_safe_5_x86_O3,0
heap_safe_6_x86_O0,0
heap_safe_6_x86_O1,0
heap_safe_6_x86_O2,0
heap_safe_6_x86_O3,0
heap_safe_7_x86_O0,0
heap_safe_7_x86_O1,0
heap_safe_7_x86_O2,0
heap_safe_7_x86_O3,0
heap_safe_8_x86_O0,0
heap_safe_8_x86_O1,0
heap_safe_8_x86_O2,0
heap_safe_8_x86_O3,0
heap_safe_9_x86_O0,0
heap_safe_9_x86_O1,0
heap_safe_9_x86_O2,0
heap_safe_9_x86_O3,0
format_vuln_0_x86_O0,1
format_vuln_0_x86_O1,1
format_vuln_0_x86_O2,1
format_vuln_0_x86_O3,1
format_vuln_1_x86_O0,1
format_vuln_1_x86_O1,1
format_vuln_1_x86_O2,1
format_vuln_1_x86_O3,1
format_vuln_2_x86_O0,1
format_vuln_2_x86_O1,1
format_vuln_2_x86_O2,1
format_vuln_2_x86_O3,1
format_vuln_3_x86_O0,1
format_vuln_3_x86_O1,1
format_vuln_3_x86_O2,1
format_vuln_3_x86_O3,1
format_vuln_4_x86_O0,1
format_vuln_4_x86_O1,1
format_vuln_4_x86_O2,1
format_vuln_4_x86_O3,1
format_vuln_5_x86_O0,1
format_vuln_5_x86_O1,1
format_vuln_5_x86_O2,1
format_vuln_5_x86_O3,1
format_vuln_6_x86_O0,1
format_vuln_6_x86_O1,1
format_vuln_6_x86_O2,1
format_vuln_6_x86_O3,1
format_vuln_7_x86_O0,1
format_vuln_7_x86_O1,1
format_vuln_7_x86_O2,1
format_vuln_7_x86_O3,1
format_vuln_8_x86_O0,1
format_vuln_8_x86_O1,1
format_vuln_8_x86_O2,1
format_vuln_8_x86_O3,1
format_vuln_9_x86_O0,1
format_vuln_9_x86_O1,1
format_vuln_9_x86_O2,1
format_vuln_9_x86_O3,1
format_safe_0_x86_O0,0
format_safe_0_x86_O1,0
format_safe_0_x86_O2,0
format_safe_0_x86_O3,0
format_safe_1_x86_O0,0
format_safe_1_x86_O1,0
format_safe_1_x86_O2,0
format_safe_1_x86_O3,0
format_safe_2_x86_O0,0
format_safe_2_x86_O1,0
format_safe_2_x86_O2,0
format_safe_2_x86_O3,0
format_safe_3_x86_O0,0
format_safe_3_x86_O1,0
format_safe_3_x86_O2,0
format_safe_3_x86_O3,0
format_safe_4_x86_O0,0
format_safe_4_x86_O1,0
format_safe_4_x86_O2,0
format_safe_4_x86_O3,0
format_safe_5_x86_O0,0
format_safe_5_x86_O1,0
format_safe_5_x86_O2,0
format_safe_5_x86_O3,0
format_safe_6_x86_O0,0
format_safe_6_x86_O1,0
format_safe_6_x86_O2,0
format_safe_6_x86_O3,0
format_safe_7_x86_O0,0
format_safe_7_x86_O1,0
format_safe_7_x86_O2,0
format_safe_7_x86_O3,0
format_safe_8_x86_O0,0
format_safe_8_x86_O1,0
format_safe_8_x86_O2,0
format_safe_8_x86_O3,0
format_safe_9_x86_O0,0
format_safe_9_x86_O1,0
format_safe_9_x86_O2,0
format_safe_9_x86_O3,0
double_free_vuln_0_x86_O0,1
double_free_vuln_0_x86_O1,1
double_free_vuln_0_x86_O2,1
double_free_vuln_0_x86_O3,1
double_free_vuln_1_x86_O0,1
double_free_vuln_1_x86_O1,1
double_free_vuln_1_x86_O2,1
double_free_vuln_1_x86_O3,1
double_free_vuln_2_x86_O0,1
double_free_vuln_2_x86_O1,1
double_free_vuln_2_x86_O2,1
double_free_vuln_2_x86_O3,1
double_free_vuln_3_x86_O0,1
double_free_vuln_3_x86_O1,1
double_free_vuln_3_x86_O2,1
double_free_vuln_3_x86_O3,1
double_free_vuln_4_x86_O0,1
double_free_vuln_4_x86_O1,1
double_free_vuln_4_x86_O2,1
double_free_vuln_4_x86_O3,1
double_free_vuln_5_x86_O0,1
double_free_vuln_5_x86_O1,1
double_free_vuln_5_x86_O2,1
double_free_vuln_5_x86_O3,1
double_free_vuln_6_x86_O0,1
double_free_vuln_6_x86_O1,1
double_free_vuln_6_x86_O2,1
double_free_vuln_6_x86_O3,1
double_free_vuln_7_x86_O0,1
double_free_vuln_7_x86_O1,1
double_free_vuln_7_x86_O2,1
double_free_vuln_7_x86_O3,1
double_free_vuln_8_x86_O0,1
double_free_vuln_8_x86_O1,1
double_free_vuln_8_x86_O2,1
double_free_vuln_8_x86_O3,1
double_free_vuln_9_x86_O0,1
double_free_vuln_9_x86_O1,1
double_free_vuln_9_x86_O2,1
double_free_vuln_9_x86_O3,1
double_free_safe_0_x86_O0,0
double_free_safe_0_x86_O1,0
double_free_safe_0_x86_O2,0
double_free_safe_0_x86_O3,0
double_free_safe_1_x86_O0,0
double_free_safe_1_x86_O1,0
double_free_safe_1_x86_O2,0
double_free_safe_1_x86_O3,0
double_free_safe_2_x86_O0,0
double_free_safe_2_x86_O1,0
double_free_safe_2_x86_O2,0
double_free_safe_2_x86_O3,0
double_free_safe_3_x86_O0,0
double_free_safe_3_x86_O1,0
double_free_safe_3_x86_O2,0
double_free_safe_3_x86_O3,0
double_free_safe_4_x86_O0,0
double_free_safe_4_x86_O1,0
double_free_safe_4_x86_O2,0
double_free_safe_4_x86_O3,0
double_free_safe_5_x86_O0,0
double_free_safe_5_x86_O1,0
double_free_safe_5_x86_O2,0
double_free_safe_5_x86_O3,0
double_free_safe_6_x86_O0,0
double_free_safe_6_x86_O1,0
double_free_safe_6_x86_O2,0
double_free_safe_6_x86_O3,0
double_free_safe_7_x86_O0,0
double_free_safe_7_x86_O1,0
double_free_safe_7_x86_O2,0
double_free_safe_7_x86_O3,0
double_free_safe_8_x86_O0,0
double_free_safe_8_x86_O1,0
double_free_safe_8_x86_O2,0
double_free_safe_8_x86_O3,0
double_free_safe_9_x86_O0,0
double_free_safe_9_x86_O1,0
double_free_safe_9_x86_O2,0
double_free_safe_9_x86_O3,0
use_after_free_vuln_0_x86_O0,1
use_after_free_vuln_0_x86_O1,1
use_after_free_vuln_0_x86_O2,1
use_after_free_vuln_0_x86_O3,1
use_after_free_vuln_1_x86_O0,1
use_after_free_vuln_1_x86_O1,1
use_after_free_vuln_1_x86_O2,1
use_after_free_vuln_1_x86_O3,1
use_after_free_vuln_2_x86_O0,1
use_after_free_vuln_2_x86_O1,1
use_after_free_vuln_2_x86_O2,1
use_after_free_vuln_2_x86_O3,1
use_after_free_vuln_3_x86_O0,1
use_after_free_vuln_3_x86_O1,1
use_after_free_vuln_3_x86_O2,1
use_after_free_vuln_3_x86_O3,1
use_after_free_vuln_4_x86_O0,1
use_after_free_vuln_4_x86_O1,1
use_after_free_vuln_4_x86_O2,1
use_after_free_vuln_4_x86_O3,1
use_after_free_vuln_5_x86_O0,1
use_after_free_vuln_5_x86_O1,1
use_after_free_vuln_5_x86_O2,1
use_after_free_vuln_5_x86_O3,1
use_after_free_vuln_6_x86_O0,1
use_after_free_vuln_6_x86_O1,1
use_after_free_vuln_6_x86_O2,1
use_after_free_vuln_6_x86_O3,1
use_after_free_vuln_7_x86_O0,1
use_after_free_vuln_7_x86_O1,1
use_after_free_vuln_7_x86_O2,1
use_after_free_vuln_7_x86_O3,1
use_after_free_vuln_8_x86_O0,1
use_after_free_vuln_8_x86_O1,1
use_after_free_vuln_8_x86_O2,1
use_after_free_vuln_8_x86_O3,1
use_after_free_vuln_9_x86_O0,1
use_after_free_vuln_9_x86_O1,1
use_after_free_vuln_9_x86_O2,1
use_after_free_vuln_9_x86_O3,1
use_after_free_safe_0_x86_O0,0
use_after_free_safe_0_x86_O1,0
use_after_free_safe_0_x86_O2,0
use_after_free_safe_0_x86_O3,0
use_after_free_safe_1_x86_O0,0
use_after_free_safe_1_x86_O1,0
use_after_free_safe_1_x86_O2,0
use_after_free_safe_1_x86_O3,0
use_after_free_safe_2_x86_O0,0
use_after_free_safe_2_x86_O1,0
use_after_free_safe_2_x86_O2,0
use_after_free_safe_2_x86_O3,0
use_after_free_safe_3_x86_O0,0
use_after_free_safe_3_x86_O1,0
use_after_free_safe_3_x86_O2,0
use_after_free_safe_3_x86_O3,0
use_after_free_safe_4_x86_O0,0
use_after_free_safe_4_x86_O1,0
use_after_free_safe_4_x86_O2,0
use_after_free_safe_4_x86_O3,0
use_after_free_safe_5_x86_O0,0
use_after_free_safe_5_x86_O1,0
use_after_free_safe_5_x86_O2,0
use_after_free_safe_5_x86_O3,0
use_after_free_safe_6_x86_O0,0
use_after_free_safe_6_x86_O1,0
use_after_free_safe_6_x86_O2,0
use_after_free_safe_6_x86_O3,0
use_after_free_safe_7_x86_O0,0
use_after_free_safe_7_x86_O1,0
use_after_free_safe_7_x86_O2,0
use_after_free_safe_7_x86_O3,0
use_after_free_safe_8_x86_O0,0
use_after_free_safe_8_x86_O1,0
use_after_free_safe_8_x86_O2,0
use_after_free_safe_8_x86_O3,0
use_after_free_safe_9_x86_O0,0
use_after_free_safe_9_x86_O1,0
use_after_free_safe_9_x86_O2,0
use_after_free_safe_9_x86_O3,0
int_overflow_vuln_0_x86_O0,1
int_overflow_vuln_0_x86_O1,1
int_overflow_vuln_0_x86_O2,1
int_overflow_vuln_0_x86_O3,1
int_overflow_vuln_1_x86_O0,1
int_overflow_vuln_1_x86_O1,1
int_overflow_vuln_1_x86_O2,1
int_overflow_vuln_1_x86_O3,1
int_overflow_vuln_2_x86_O0,1
int_overflow_vuln_2_x86_O1,1
int_overflow_vuln_2_x86_O2,1
int_overflow_vuln_2_x86_O3,1
int_overflow_vuln_3_x86_O0,1
int_overflow_vuln_3_x86_O1,1
int_overflow_vuln_3_x86_O2,1
int_overflow_vuln_3_x86_O3,1
int_overflow_vuln_4_x86_O0,1
int_overflow_vuln_4_x86_O1,1
int_overflow_vuln_4_x86_O2,1
int_overflow_vuln_4_x86_O3,1
int_overflow_vuln_5_x86_O0,1
int_overflow_vuln_5_x86_O1,1
int_overflow_vuln_5_x86_O2,1
int_overflow_vuln_5_x86_O3,1
int_overflow_vuln_6_x86_O0,1
int_overflow_vuln_6_x86_O1,1
int_overflow_vuln_6_x86_O2,1
int_overflow_vuln_6_x86_O3,1
int_overflow_vuln_7_x86_O0,1
int_overflow_vuln_7_x86_O1,1
int_overflow_vuln_7_x86_O2,1
int_overflow_vuln_7_x86_O3,1
int_overflow_vuln_8_x86_O0,1
int_overflow_vuln_8_x86_O1,1
int_overflow_vuln_8_x86_O2,1
int_overflow_vuln_8_x86_O3,1
int_overflow_vuln_9_x86_O0,1
int_overflow_vuln_9_x86_O1,1
int_overflow_vuln_9_x86_O2,1
int_overflow_vuln_9_x86_O3,1
int_safe_0_x86_O0,0
int_safe_0_x86_O1,0
int_safe_0_x86_O2,0
int_safe_0_x86_O3,0
int_safe_1_x86_O0,0
int_safe_1_x86_O1,0
int_safe_1_x86_O2,0
int_safe_1_x86_O3,0
int_safe_2_x86_O0,0
int_safe_2_x86_O1,0
int_safe_2_x86_O2,0
int_safe_2_x86_O3,0
int_safe_3_x86_O0,0
int_safe_3_x86_O1,0
int_safe_3_x86_O2,0
int_safe_3_x86_O3,0
int_safe_4_x86_O0,0
int_safe_4_x86_O1,0
int_safe_4_x86_O2,0
int_safe_4_x86_O3,0
int_safe_5_x86_O0,0
int_safe_5_x86_O1,0
int_safe_5_x86_O2,0
int_safe_5_x86_O3,0
int_safe_6_x86_O0,0
int_safe_6_x86_O1,0
int_safe_6_x86_O2,0
int_safe_6_x86_O3,0
int_safe_7_x86_O0,0
int_safe_7_x86_O1,0
int_safe_7_x86_O2,0
int_safe_7_x86_O3,0
int_safe_8_x86_O0,0
int_safe_8_x86_O1,0
int_safe_8_x86_O2,0
int_safe_8_x86_O3,0
int_safe_9_x86_O0,0
int_safe_9_x86_O1,0
int_safe_9_x86_O2,0
int_safe_9_x86_O3,0
null_deref_vuln_0_x86_O0,1
null_deref_vuln_0_x86_O1,1
null_deref_vuln_0_x86_O2,1
null_deref_vuln_0_x86_O3,1
null_deref_vuln_1_x86_O0,1
null_deref_vuln_1_x86_O1,1
null_deref_vuln_1_x86_O2,1
null_deref_vuln_1_x86_O3,1
null_deref_vuln_2_x86_O0,1
null_deref_vuln_2_x86_O1,1
null_deref_vuln_2_x86_O2,1
null_deref_vuln_2_x86_O3,1
null_deref_vuln_3_x86_O0,1
null_deref_vuln_3_x86_O1,1
null_deref_vuln_3_x86_O2,1
null_deref_vuln_3_x86_O3,1
null_deref_vuln_4_x86_O0,1
null_deref_vuln_4_x86_O1,1
null_deref_vuln_4_x86_O2,1
null_deref_vuln_4_x86_O3,1
null_deref_vuln_5_x86_O0,1
null_deref_vuln_5_x86_O1,1
null_deref_vuln_5_x86_O2,1
null_deref_vuln_5_x86_O3,1
null_deref_vuln_6_x86_O0,1
null_deref_vuln_6_x86_O1,1
null_deref_vuln_6_x86_O2,1
null_deref_vuln_6_x86_O3,1
null_deref_vuln_7_x86_O0,1
null_deref_vuln_7_x86_O1,1
null_deref_vuln_7_x86_O2,1
null_deref_vuln_7_x86_O3,1
null_deref_vuln_8_x86_O0,1
null_deref_vuln_8_x86_O1,1
null_deref_vuln_8_x86_O2,1
null_deref_vuln_8_x86_O3,1
null_deref_vuln_9_x86_O0,1
null_deref_vuln_9_x86_O1,1
null_deref_vuln_9_x86_O2,1
null_deref_vuln_9_x86_O3,1
null_deref_safe_0_x86_O0,0
null_deref_safe_0_x86_O1,0
null_deref_safe_0_x86_O2,0
null_deref_safe_0_x86_O3,0
null_deref_safe_1_x86_O0,0
null_deref_safe_1_x86_O1,0
null_deref_safe_1_x86_O2,0
null_deref_safe_1_x86_O3,0
null_deref_safe_2_x86_O0,0
null_deref_safe_2_x86_O1,0
null_deref_safe_2_x86_O2,0
null_deref_safe_2_x86_O3,0
null_deref_safe_3_x86_O0,0
null_deref_safe_3_x86_O1,0
null_deref_safe_3_x86_O2,0
null_deref_safe_3_x86_O3,0
null_deref_safe_4_x86_O0,0
null_deref_safe_4_x86_O1,0
null_deref_safe_4_x86_O2,0
null_deref_safe_4_x86_O3,0
null_deref_safe_5_x86_O0,0
null_deref_safe_5_x86_O1,0
null_deref_safe_5_x86_O2,0
null_deref_safe_5_x86_O3,0
null_deref_safe_6_x86_O0,0
null_deref_safe_6_x86_O1,0
null_deref_safe_6_x86_O2,0
null_deref_safe_6_x86_O3,0
null_deref_safe_7_x86_O0,0
null_deref_safe_7_x86_O1,0
null_deref_safe_7_x86_O2,0
null_deref_safe_7_x86_O3,0
null_deref_safe_8_x86_O0,0
null_deref_safe_8_x86_O1,0
null_deref_safe_8_x86_O2,0
null_deref_safe_8_x86_O3,0
null_deref_safe_9_x86_O0,0
null_deref_safe_9_x86_O1,0
null_deref_safe_9_x86_O2,0
null_deref_safe_9_x86_O3,0
oob_vuln_0_x86_O0,1
oob_vuln_0_x86_O1,1
oob_vuln_0_x86_O2,1
oob_vuln_0_x86_O3,1
oob_vuln_1_x86_O0,1
oob_vuln_1_x86_O1,1
oob_vuln_1_x86_O2,1
oob_vuln_1_x86_O3,1
oob_vuln_2_x86_O0,1
oob_vuln_2_x86_O1,1
oob_vuln_2_x86_O2,1
oob_vuln_2_x86_O3,1
oob_vuln_3_x86_O0,1
oob_vuln_3_x86_O1,1
oob_vuln_3_x86_O2,1
oob_vuln_3_x86_O3,1
oob_vuln_4_x86_O0,1
oob_vuln_4_x86_O1,1
oob_vuln_4_x86_O2,1
oob_vuln_4_x86_O3,1
oob_vuln_5_x86_O0,1
oob_vuln_5_x86_O1,1
oob_vuln_5_x86_O2,1
oob_vuln_5_x86_O3,1
oob_vuln_6_x86_O0,1
oob_vuln_6_x86_O1,1
oob_vuln_6_x86_O2,1
oob_vuln_6_x86_O3,1
oob_vuln_7_x86_O0,1
oob_vuln_7_x86_O1,1
oob_vuln_7_x86_O2,1
oob_vuln_7_x86_O3,1
oob_vuln_8_x86_O0,1
oob_vuln_8_x86_O1,1
oob_vuln_8_x86_O2,1
oob_vuln_8_x86_O3,1
oob_vuln_9_x86_O0,1
oob_vuln_9_x86_O1,1
oob_vuln_9_x86_O2,1
oob_vuln_9_x86_O3,1
oob_safe_0_x86_O0,0
oob_safe_0_x86_O1,0
oob_safe_0_x86_O2,0
oob_safe_0_x86_O3,0
oob_safe_1_x86_O0,0
oob_safe_1_x86_O1,0
oob_safe_1_x86_O2,0
oob_safe_1_x86_O3,0
oob_safe_2_x86_O0,0
oob_safe_2_x86_O1,0
oob_safe_2_x86_O2,0
oob_safe_2_x86_O3,0
oob_safe_3_x86_O0,0
oob_safe_3_x86_O1,0
oob_safe_3_x86_O2,0
oob_safe_3_x86_O3,0
oob_safe_4_x86_O0,0
oob_safe_4_x86_O1,0
oob_safe_4_x86_O2,0
oob_safe_4_x86_O3,0
oob_safe_5_x86_O0,0
oob_safe_5_x86_O1,0
oob_safe_5_x86_O2,0
oob_safe_5_x86_O3,0
oob_safe_6_x86_O0,0
oob_safe_6_x86_O1,0
oob_safe_6_x86_O2,0
oob_safe_6_x86_O3,0
oob_safe_7_x86_O0,0
oob_safe_7_x86_O1,0
oob_safe_7_x86_O2,0
oob_safe_7_x86_O3,0
oob_safe_8_x86_O0,0
oob_safe_8_x86_O1,0
oob_safe_8_x86_O2,0
oob_safe_8_x86_O3,0
oob_safe_9_x86_O0,0
oob_safe_9_x86_O1,0
oob_safe_9_x86_O2,0
oob_safe_9_x86_O3,0
race_vuln_0_x86_O0,1
race_vuln_0_x86_O1,1
race_vuln_0_x86_O2,1
race_vuln_0_x86_O3,1
race_vuln_1_x86_O0,1
race_vuln_1_x86_O1,1
race_vuln_1_x86_O2,1
race_vuln_1_x86_O3,1
race_vuln_2_x86_O0,1
race_vuln_2_x86_O1,1
race_vuln_2_x86_O2,1
race_vuln_2_x86_O3,1
race_vuln_3_x86_O0,1
race_vuln_3_x86_O1,1
race_vuln_3_x86_O2,1
race_vuln_3_x86_O3,1
race_vuln_4_x86_O0,1
race_vuln_4_x86_O1,1
race_vuln_4_x86_O2,1
race_vuln_4_x86_O3,1
race_vuln_5_x86_O0,1
race_vuln_5_x86_O1,1
race_vuln_5_x86_O2,1
race_vuln_5_x86_O3,1
race_vuln_6_x86_O0,1
race_vuln_6_x86_O1,1
race_vuln_6_x86_O2,1
race_vuln_6_x86_O3,1
race_vuln_7_x86_O0,1
race_vuln_7_x86_O1,1
race_vuln_7_x86_O2,1
race_vuln_7_x86_O3,1
race_vuln_8_x86_O0,1
race_vuln_8_x86_O1,1
race_vuln_8_x86_O2,1
race_vuln_8_x86_O3,1
race_vuln_9_x86_O0,1
race_vuln_9_x86_O1,1
race_vuln_9_x86_O2,1
race_vuln_9_x86_O3,1
race_safe_0_x86_O0,0
race_safe_0_x86_O1,0
race_safe_0_x86_O2,0
race_safe_0_x86_O3,0
race_safe_1_x86_O0,0
race_safe_1_x86_O1,0
race_safe_1_x86_O2,0
race_safe_1_x86_O3,0
race_safe_2_x86_O0,0
race_safe_2_x86_O1,0
race_safe_2_x86_O2,0
race_safe_2_x86_O3,0
race_safe_3_x86_O0,0
race_safe_3_x86_O1,0
race_safe_3_x86_O2,0
race_safe_3_x86_O3,0
race_safe_4_x86_O0,0
race_safe_4_x86_O1,0
race_safe_4_x86_O2,0
race_safe_4_x86_O3,0
race_safe_5_x86_O0,0
race_safe_5_x86_O1,0
race_safe_5_x86_O2,0
race_safe_5_x86_O3,0
race_safe_6_x86_O0,0
race_safe_6_x86_O1,0
race_safe_6_x86_O2,0
race_safe_6_x86_O3,0
race_safe_7_x86_O0,0
race_safe_7_x86_O1,0
race_safe_7_x86_O2,0
race_safe_7_x86_O3,0
race_safe_8_x86_O0,0
race_safe_8_x86_O1,0
race_safe_8_x86_O2,0
race_safe_8_x86_O3,0
race_safe_9_x86_O0,0
race_safe_9_x86_O1,0
race_safe_9_x86_O2,0
race_safe_9_x86_O3,0
cmd_injection_vuln_0_x86_O0,1
cmd_injection_vuln_0_x86_O1,1
cmd_injection_vuln_0_x86_O2,1
cmd_injection_vuln_0_x86_O3,1
cmd_injection_vuln_1_x86_O0,1
cmd_injection_vuln_1_x86_O1,1
cmd_injection_vuln_1_x86_O2,1
cmd_injection_vuln_1_x86_O3,1
cmd_injection_vuln_2_x86_O0,1
cmd_injection_vuln_2_x86_O1,1
cmd_injection_vuln_2_x86_O2,1
cmd_injection_vuln_2_x86_O3,1
cmd_injection_vuln_3_x86_O0,1
cmd_injection_vuln_3_x86_O1,1
cmd_injection_vuln_3_x86_O2,1
cmd_injection_vuln_3_x86_O3,1
cmd_injection_vuln_4_x86_O0,1
cmd_injection_vuln_4_x86_O1,1
cmd_injection_vuln_4_x86_O2,1
cmd_injection_vuln_4_x86_O3,1
cmd_injection_vuln_5_x86_O0,1
cmd_injection_vuln_5_x86_O1,1
cmd_injection_vuln_5_x86_O2,1
cmd_injection_vuln_5_x86_O3,1
cmd_injection_vuln_6_x86_O0,1
cmd_injection_vuln_6_x86_O1,1
cmd_injection_vuln_6_x86_O2,1
cmd_injection_vuln_6_x86_O3,1
cmd_injection_vuln_7_x86_O0,1
cmd_injection_vuln_7_x86_O1,1
cmd_injection_vuln_7_x86_O2,1
cmd_injection_vuln_7_x86_O3,1
cmd_injection_vuln_8_x86_O0,1
cmd_injection_vuln_8_x86_O1,1
cmd_injection_vuln_8_x86_O2,1
cmd_injection_vuln_8_x86_O3,1
cmd_injection_vuln_9_x86_O0,1
cmd_injection_vuln_9_x86_O1,1
cmd_injection_vuln_9_x86_O2,1
cmd_injection_vuln_9_x86_O3,1
cmd_injection_safe_0_x86_O0,0
cmd_injection_safe_0_x86_O1,0
cmd_injection_safe_0_x86_O2,0
cmd_injection_safe_0_x86_O3,0
cmd_injection_safe_1_x86_O0,0
cmd_injection_safe_1_x86_O1,0
cmd_injection_safe_1_x86_O2,0
cmd_injection_safe_1_x86_O3,0
cmd_injection_safe_2_x86_O0,0
cmd_injection_safe_2_x86_O1,0
cmd_injection_safe_2_x86_O2,0
cmd_injection_safe_2_x86_O3,0
cmd_injection_safe_3_x86_O0,0
cmd_injection_safe_3_x86_O1,0
cmd_injection_safe_3_x86_O2,0
cmd_injection_safe_3_x86_O3,0
cmd_injection_safe_4_x86_O0,0
cmd_injection_safe_4_x86_O1,0
cmd_injection_safe_4_x86_O2,0
cmd_injection_safe_4_x86_O3,0
cmd_injection_safe_5_x86_O0,0
cmd_injection_safe_5_x86_O1,0
cmd_injection_safe_5_x86_O2,0
cmd_injection_safe_5_x86_O3,0
cmd_injection_safe_6_x86_O0,0
cmd_injection_safe_6_x86_O1,0
cmd_injection_safe_6_x86_O2,0
cmd_injection_safe_6_x86_O3,0
cmd_injection_safe_7_x86_O0,0
cmd_injection_safe_7_x86_O1,0
cmd_injection_safe_7_x86_O2,0
cmd_injection_safe_7_x86_O3,0
cmd_injection_safe_8_x86_O0,0
cmd_injection_safe_8_x86_O1,0
cmd_injection_safe_8_x86_O2,0
cmd_injection_safe_8_x86_O3,0
cmd_injection_safe_9_x86_O0,0
cmd_injection_safe_9_x86_O1,0
cmd_injection_safe_9_x86_O2,0
cmd_injection_safe_9_x86_O3,0
arm_stack_vuln_0_x86_O0,1
arm_stack_vuln_0_x86_O1,1
arm_stack_vuln_0_x86_O2,1
arm_stack_vuln_0_x86_O3,1
arm_stack_vuln_1_x86_O0,1
arm_stack_vuln_1_x86_O1,1
arm_stack_vuln_1_x86_O2,1
arm_stack_vuln_1_x86_O3,1
arm_stack_vuln_2_x86_O0,1
arm_stack_vuln_2_x86_O1,1
arm_stack_vuln_2_x86_O2,1
arm_stack_vuln_2_x86_O3,1
arm_stack_vuln_3_x86_O0,1
arm_stack_vuln_3_x86_O1,1
arm_stack_vuln_3_x86_O2,1
arm_stack_vuln_3_x86_O3,1
arm_stack_vuln_4_x86_O0,1
arm_stack_vuln_4_x86_O1,1
arm_stack_vuln_4_x86_O2,1
arm_stack_vuln_4_x86_O3,1
arm_stack_vuln_5_x86_O0,1
arm_stack_vuln_5_x86_O1,1
arm_stack_vuln_5_x86_O2,1
arm_stack_vuln_5_x86_O3,1
arm_stack_vuln_6_x86_O0,1
arm_stack_vuln_6_x86_O1,1
arm_stack_vuln_6_x86_O2,1
arm_stack_vuln_6_x86_O3,1
arm_stack_vuln_7_x86_O0,1
arm_stack_vuln_7_x86_O1,1
arm_stack_vuln_7_x86_O2,1
arm_stack_vuln_7_x86_O3,1
arm_stack_vuln_8_x86_O0,1
arm_stack_vuln_8_x86_O1,1
arm_stack_vuln_8_x86_O2,1
arm_stack_vuln_8_x86_O3,1
arm_stack_vuln_9_x86_O0,1
arm_stack_vuln_9_x86_O1,1
arm_stack_vuln_9_x86_O2,1
arm_stack_vuln_9_x86_O3,1
arm_stack_safe_0_x86_O0,0
arm_stack_safe_0_x86_O1,0
arm_stack_safe_0_x86_O2,0
arm_stack_safe_0_x86_O3,0
arm_stack_safe_1_x86_O0,0
arm_stack_safe_1_x86_O1,0
arm_stack_safe_1_x86_O2,0
arm_stack_safe_1_x86_O3,0
arm_stack_safe_2_x86_O0,0
arm_stack_safe_2_x86_O1,0
arm_stack_safe_2_x86_O2,0
arm_stack_safe_2_x86_O3,0
arm_stack_safe_3_x86_O0,0
arm_stack_safe_3_x86_O1,0
arm_stack_safe_3_x86_O2,0
arm_stack_safe_3_x86_O3,0
arm_stack_safe_4_x86_O0,0
arm_stack_safe_4_x86_O1,0
arm_stack_safe_4_x86_O2,0
arm_stack_safe_4_x86_O3,0
arm_stack_safe_5_x86_O0,0
arm_stack_safe_5_x86_O1,0
arm_stack_safe_5_x86_O2,0
arm_stack_safe_5_x86_O3,0
arm_stack_safe_6_x86_O0,0
arm_stack_safe_6_x86_O1,0
arm_stack_safe_6_x86_O2,0
arm_stack_safe_6_x86_O3,0
arm_stack_safe_7_x86_O0,0
arm_stack_safe_7_x86_O1,0
arm_stack_safe_7_x86_O2,0
arm_stack_safe_7_x86_O3,0
arm_stack_safe_8_x86_O0,0
arm_stack_safe_8_x86_O1,0
arm_stack_safe_8_x86_O2,0
arm_stack_safe_8_x86_O3,0
arm_stack_safe_9_x86_O0,0
arm_stack_safe_9_x86_O1,0
arm_stack_safe_9_x86_O2,0
arm_stack_safe_9_x86_O3,0
inline_asm_vuln_0_x86_O0,1
inline_asm_vuln_0_x86_O1,1
inline_asm_vuln_0_x86_O2,1
inline_asm_vuln_0_x86_O3,1
inline_asm_vuln_1_x86_O0,1
inline_asm_vuln_1_x86_O1,1
inline_asm_vuln_1_x86_O2,1
inline_asm_vuln_1_x86_O3,1
inline_asm_vuln_2_x86_O0,1
inline_asm_vuln_2_x86_O1,1
inline_asm_vuln_2_x86_O2,1
inline_asm_vuln_2_x86_O3,1
inline_asm_vuln_3_x86_O0,1
inline_asm_vuln_3_x86_O1,1
inline_asm_vuln_3_x86_O2,1
inline_asm_vuln_3_x86_O3,1
inline_asm_vuln_4_x86_O0,1
inline_asm_vuln_4_x86_O1,1
inline_asm_vuln_4_x86_O2,1
inline_asm_vuln_4_x86_O3,1
inline_asm_vuln_5_x86_O0,1
inline_asm_vuln_5_x86_O1,1
inline_asm_vuln_5_x86_O2,1
inline_asm_vuln_5_x86_O3,1
inline_asm_vuln_6_x86_O0,1
inline_asm_vuln_6_x86_O1,1
inline_asm_vuln_6_x86_O2,1
inline_asm_vuln_6_x86_O3,1
inline_asm_vuln_7_x86_O0,1
inline_asm_vuln_7_x86_O1,1
inline_asm_vuln_7_x86_O2,1
inline_asm_vuln_7_x86_O3,1
inline_asm_vuln_8_x86_O0,1
inline_asm_vuln_8_x86_O1,1
inline_asm_vuln_8_x86_O2,1
inline_asm_vuln_8_x86_O3,1
inline_asm_vuln_9_x86_O0,1
inline_asm_vuln_9_x86_O1,1
inline_asm_vuln_9_x86_O2,1
inline_asm_vuln_9_x86_O3,1
inline_asm_safe_0_x86_O0,0
inline_asm_safe_0_x86_O1,0
inline_asm_safe_0_x86_O2,0
inline_asm_safe_0_x86_O3,0
inline_asm_safe_1_x86_O0,0
inline_asm_safe_1_x86_O1,0
inline_asm_safe_1_x86_O2,0
inline_asm_safe_1_x86_O3,0
inline_asm_safe_2_x86_O0,0
inline_asm_safe_2_x86_O1,0
inline_asm_safe_2_x86_O2,0
inline_asm_safe_2_x86_O3,0
inline_asm_safe_3_x86_O0,0
inline_asm_safe_3_x86_O1,0
inline_asm_safe_3_x86_O2,0
inline_asm_safe_3_x86_O3,0
inline_asm_safe_4_x86_O0,0
inline_asm_safe_4_x86_O1,0
inline_asm_safe_4_x86_O2,0
inline_asm_safe_4_x86_O3,0
inline_asm_safe_5_x86_O0,0
inline_asm_safe_5_x86_O1,0
inline_asm_safe_5_x86_O2,0
inline_asm_safe_5_x86_O3,0
inline_asm_safe_6_x86_O0,0
inline_asm_safe_6_x86_O1,0
inline_asm_safe_6_x86_O2,0
inline_asm_safe_6_x86_O3,0
inline_asm_safe_7_x86_O0,0
inline_asm_safe_7_x86_O1,0
inline_asm_safe_7_x86_O2,0
inline_asm_safe_7_x86_O3,0
inline_asm_safe_8_x86_O0,0
inline_asm_safe_8_x86_O1,0
inline_asm_safe_8_x86_O2,0
inline_asm_safe_8_x86_O3,0
inline_asm_safe_9_x86_O0,0
inline_asm_safe_9_x86_O1,0
inline_asm_safe_9_x86_O2,0
inline_asm_safe_9_x86_O3,0
opaque_predicate_vuln_0_x86_O0,1
opaque_predicate_vuln_0_x86_O1,1
opaque_predicate_vuln_0_x86_O2,1
opaque_predicate_vuln_0_x86_O3,1
opaque_predicate_vuln_1_x86_O0,1
opaque_predicate_vuln_1_x86_O1,1
opaque_predicate_vuln_1_x86_O2,1
opaque_predicate_vuln_1_x86_O3,1
opaque_predicate_vuln_2_x86_O0,1
opaque_predicate_vuln_2_x86_O1,1
opaque_predicate_vuln_2_x86_O2,1
opaque_predicate_vuln_2_x86_O3,1
opaque_predicate_vuln_3_x86_O0,1
opaque_predicate_vuln_3_x86_O1,1
opaque_predicate_vuln_3_x86_O2,1
opaque_predicate_vuln_3_x86_O3,1
opaque_predicate_vuln_4_x86_O0,1
opaque_predicate_vuln_4_x86_O1,1
opaque_predicate_vuln_4_x86_O2,1
opaque_predicate_vuln_4_x86_O3,1
opaque_predicate_vuln_5_x86_O0,1
opaque_predicate_vuln_5_x86_O1,1
opaque_predicate_vuln_5_x86_O2,1
opaque_predicate_vuln_5_x86_O3,1
opaque_predicate_vuln_6_x86_O0,1
opaque_predicate_vuln_6_x86_O1,1
opaque_predicate_vuln_6_x86_O2,1
opaque_predicate_vuln_6_x86_O3,1
opaque_predicate_vuln_7_x86_O0,1
opaque_predicate_vuln_7_x86_O1,1
opaque_predicate_vuln_7_x86_O2,1
opaque_predicate_vuln_7_x86_O3,1
opaque_predicate_vuln_8_x86_O0,1
opaque_predicate_vuln_8_x86_O1,1
opaque_predicate_vuln_8_x86_O2,1
opaque_predicate_vuln_8_x86_O3,1
opaque_predicate_vuln_9_x86_O0,1
opaque_predicate_vuln_9_x86_O1,1
opaque_predicate_vuln_9_x86_O2,1
opaque_predicate_vuln_9_x86_O3,1
opaque_predicate_safe_0_x86_O0,0
opaque_predicate_safe_0_x86_O1,0
opaque_predicate_safe_0_x86_O2,0
opaque_predicate_safe_0_x86_O3,0
opaque_predicate_safe_1_x86_O0,0
opaque_predicate_safe_1_x86_O1,0
opaque_predicate_safe_1_x86_O2,0
opaque_predicate_safe_1_x86_O3,0
opaque_predicate_safe_2_x86_O0,0
opaque_predicate_safe_2_x86_O1,0
opaque_predicate_safe_2_x86_O2,0
opaque_predicate_safe_2_x86_O3,0
opaque_predicate_safe_3_x86_O0,0
opaque_predicate_safe_3_x86_O1,0
opaque_predicate_safe_3_x86_O2,0
opaque_predicate_safe_3_x86_O3,0
opaque_predicate_safe_4_x86_O0,0
opaque_predicate_safe_4_x86_O1,0
opaque_predicate_safe_4_x86_O2,0
opaque_predicate_safe_4_x86_O3,0
opaque_predicate_safe_5_x86_O0,0
opaque_predicate_safe_5_x86_O1,0
opaque_predicate_safe_5_x86_O2,0
opaque_predicate_safe_5_x86_O3,0
opaque_predicate_safe_6_x86_O0,0
opaque_predicate_safe_6_x86_O1,0
opaque_predicate_safe_6_x86_O2,0
opaque_predicate_safe_6_x86_O3,0
opaque_predicate_safe_7_x86_O0,0
opaque_predicate_safe_7_x86_O1,0
opaque_predicate_safe_7_x86_O2,0
opaque_predicate_safe_7_x86_O3,0
opaque_predicate_safe_8_x86_O0,0
opaque_predicate_safe_8_x86_O1,0
opaque_predicate_safe_8_x86_O2,0
opaque_predicate_safe_8_x86_O3,0
opaque_predicate_safe_9_x86_O0,0
opaque_predicate_safe_9_x86_O1,0
opaque_predicate_safe_9_x86_O2,0
opaque_predicate_safe_9_x86_O3,0
dead_code_vuln_0_x86_O0,1
dead_code_vuln_0_x86_O1,1
dead_code_vuln_0_x86_O2,1
dead_code_vuln_0_x86_O3,1
dead_code_vuln_1_x86_O0,1
dead_code_vuln_1_x86_O1,1
dead_code_vuln_1_x86_O2,1
dead_code_vuln_1_x86_O3,1
dead_code_vuln_2_x86_O0,1
dead_code_vuln_2_x86_O1,1
dead_code_vuln_2_x86_O2,1
dead_code_vuln_2_x86_O3,1
dead_code_vuln_3_x86_O0,1
dead_code_vuln_3_x86_O1,1
dead_code_vuln_3_x86_O2,1
dead_code_vuln_3_x86_O3,1
dead_code_vuln_4_x86_O0,1
dead_code_vuln_4_x86_O1,1
dead_code_vuln_4_x86_O2,1
dead_code_vuln_4_x86_O3,1
dead_code_vuln_5_x86_O0,1
dead_code_vuln_5_x86_O1,1
dead_code_vuln_5_x86_O2,1
dead_code_vuln_5_x86_O3,1
dead_code_vuln_6_x86_O0,1
dead_code_vuln_6_x86_O1,1
dead_code_vuln_6_x86_O2,1
dead_code_vuln_6_x86_O3,1
dead_code_vuln_7_x86_O0,1
dead_code_vuln_7_x86_O1,1
dead_code_vuln_7_x86_O2,1
dead_code_vuln_7_x86_O3,1
dead_code_vuln_8_x86_O0,1
dead_code_vuln_8_x86_O1,1
dead_code_vuln_8_x86_O2,1
dead_code_vuln_8_x86_O3,1
dead_code_vuln_9_x86_O0,1
dead_code_vuln_9_x86_O1,1
dead_code_vuln_9_x86_O2,1
dead_code_vuln_9_x86_O3,1
dead_code_safe_0_x86_O0,0
dead_code_safe_0_x86_O1,0
dead_code_safe_0_x86_O2,0
dead_code_safe_0_x86_O3,0
dead_code_safe_1_x86_O0,0
dead_code_safe_1_x86_O1,0
dead_code_safe_1_x86_O2,0
dead_code_safe_1_x86_O3,0
dead_code_safe_2_x86_O0,0
dead_code_safe_2_x86_O1,0
dead_code_safe_2_x86_O2,0
dead_code_safe_2_x86_O3,0
dead_code_safe_3_x86_O0,0
dead_code_safe_3_x86_O1,0
dead_code_safe_3_x86_O2,0
dead_code_safe_3_x86_O3,0
dead_code_safe_4_x86_O0,0
dead_code_safe_4_x86_O1,0
dead_code_safe_4_x86_O2,0
dead_code_safe_4_x86_O3,0
dead_code_safe_5_x86_O0,0
dead_code_safe_5_x86_O1,0
dead_code_safe_5_x86_O2,0
dead_code_safe_5_x86_O3,0
dead_code_safe_6_x86_O0,0
dead_code_safe_6_x86_O1,0
dead_code_safe_6_x86_O2,0
dead_code_safe_6_x86_O3,0
dead_code_safe_7_x86_O0,0
dead_code_safe_7_x86_O1,0
dead_code_safe_7_x86_O2,0
dead_code_safe_7_x86_O3,0
dead_code_safe_8_x86_O0,0
dead_code_safe_8_x86_O1,0
dead_code_safe_8_x86_O2,0
dead_code_safe_8_x86_O3,0
dead_code_safe_9_x86_O0,0
dead_code_safe_9_x86_O1,0
dead_code_safe_9_x86_O2,0
dead_code_safe_9_x86_O3,0
control_flow_flatten_vuln_0_x86_O0,1
control_flow_flatten_vuln_0_x86_O1,1
control_flow_flatten_vuln_0_x86_O2,1
control_flow_flatten_vuln_0_x86_O3,1
control_flow_flatten_vuln_1_x86_O0,1
control_flow_flatten_vuln_1_x86_O1,1
control_flow_flatten_vuln_1_x86_O2,1
control_flow_flatten_vuln_1_x86_O3,1
control_flow_flatten_vuln_2_x86_O0,1
control_flow_flatten_vuln_2_x86_O1,1
control_flow_flatten_vuln_2_x86_O2,1
control_flow_flatten_vuln_2_x86_O3,1
control_flow_flatten_vuln_3_x86_O0,1
control_flow_flatten_vuln_3_x86_O1,1
control_flow_flatten_vuln_3_x86_O2,1
control_flow_flatten_vuln_3_x86_O3,1
control_flow_flatten_vuln_4_x86_O0,1
control_flow_flatten_vuln_4_x86_O1,1
control_flow_flatten_vuln_4_x86_O2,1
control_flow_flatten_vuln_4_x86_O3,1
control_flow_flatten_vuln_5_x86_O0,1
control_flow_flatten_vuln_5_x86_O1,1
control_flow_flatten_vuln_5_x86_O2,1
control_flow_flatten_vuln_5_x86_O3,1
control_flow_flatten_vuln_6_x86_O0,1
control_flow_flatten_vuln_6_x86_O1,1
control_flow_flatten_vuln_6_x86_O2,1
control_flow_flatten_vuln_6_x86_O3,1
control_flow_flatten_vuln_7_x86_O0,1
control_flow_flatten_vuln_7_x86_O1,1
control_flow_flatten_vuln_7_x86_O2,1
control_flow_flatten_vuln_7_x86_O3,1
control_flow_flatten_vuln_8_x86_O0,1
control_flow_flatten_vuln_8_x86_O1,1
control_flow_flatten_vuln_8_x86_O2,1
control_flow_flatten_vuln_8_x86_O3,1
control_flow_flatten_vuln_9_x86_O0,1
control_flow_flatten_vuln_9_x86_O1,1
control_flow_flatten_vuln_9_x86_O2,1
control_flow_flatten_vuln_9_x86_O3,1
control_flow_flatten_safe_0_x86_O0,0
control_flow_flatten_safe_0_x86_O1,0
control_flow_flatten_safe_0_x86_O2,0
control_flow_flatten_safe_0_x86_O3,0
control_flow_flatten_safe_1_x86_O0,0
control_flow_flatten_safe_1_x86_O1,0
control_flow_flatten_safe_1_x86_O2,0
control_flow_flatten_safe_1_x86_O3,0
control_flow_flatten_safe_2_x86_O0,0
control_flow_flatten_safe_2_x86_O1,0
control_flow_flatten_safe_2_x86_O2,0
control_flow_flatten_safe_2_x86_O3,0
control_flow_flatten_safe_3_x86_O0,0
control_flow_flatten_safe_3_x86_O1,0
control_flow_flatten_safe_3_x86_O2,0
control_flow_flatten_safe_3_x86_O3,0
control_flow_flatten_safe_4_x86_O0,0
control_flow_flatten_safe_4_x86_O1,0
control_flow_flatten_safe_4_x86_O2,0
control_flow_flatten_safe_4_x86_O3,0
control_flow_flatten_safe_5_x86_O0,0
control_flow_flatten_safe_5_x86_O1,0
control_flow_flatten_safe_5_x86_O2,0
control_flow_flatten_safe_5_x86_O3,0
control_flow_flatten_safe_6_x86_O0,0
control_flow_flatten_safe_6_x86_O1,0
control_flow_flatten_safe_6_x86_O2,0
control_flow_flatten_safe_6_x86_O3,0
control_flow_flatten_safe_7_x86_O0,0
control_flow_flatten_safe_7_x86_O1,0
control_flow_flatten_safe_7_x86_O2,0
control_flow_flatten_safe_7_x86_O3,0
control_flow_flatten_safe_8_x86_O0,0
control_flow_flatten_safe_8_x86_O1,0
control_flow_flatten_safe_8_x86_O2,0
control_flow_flatten_safe_8_x86_O3,0
control_flow_flatten_safe_9_x86_O0,0
control_flow_flatten_safe_9_x86_O1,0
control_flow_flatten_safe_9_x86_O2,0
control_flow_flatten_safe_9_x86_O3,0
